time_opened,customer_id,subtotal
2021-03-21 14:59:00,6817477549539290782,1425
2021-03-21 14:57:00,-3800621525528210837,1945
2021-03-21 14:44:00,1700619512948954193,3545
2021-03-21 14:03:00,-5967439858060002332,1350
2021-03-21 14:01:00,-74915147466482434,3195
2021-03-21 14:02:00,-7486677855297875462,8400
2021-03-21 13:47:00,-8986813225093032823,5635
2021-03-21 13:42:00,-795182256071144188,3992
2021-03-21 13:40:00,-4850272215154031715,1675
2021-03-21 13:32:00,7482892246482756653,2995
2021-03-21 13:28:00,-3520300437896476380,200
2021-03-21 13:30:00,3268583150753663948,5155
2021-03-21 13:23:00,-9134582277046685952,1095
2021-03-21 13:26:00,-6940834369051385139,3595
2021-03-21 13:01:00,-5498839705906832213,5067
2021-03-21 13:00:00,5884428659627504329,1871
2021-03-21 12:57:00,-3027101509999118135,3000
2021-03-21 12:55:00,999322197814967518,3896
2021-03-21 12:43:00,-3304327680831661389,4971
2021-03-21 12:38:00,1745238852082486667,1496
2021-03-21 12:37:00,9041528977692684080,1321
2021-03-21 12:30:00,2487763467562190112,1300
2021-03-21 12:18:00,2673574999796200273,1450
2021-03-21 12:04:00,-2926797244821236375,975
2021-03-21 11:52:00,-1558086717325251802,1100
2021-03-21 11:50:00,8624847720252685839,2476
2021-03-21 11:51:00,664062556093955269,3020
2021-03-21 11:29:00,-8751408768770668295,3700
2021-03-21 11:28:00,5725020193433431043,1200
2021-03-21 11:16:00,-2001729383018570714,2925
2021-03-21 10:50:00,-607646349827286904,1325
2021-03-21 09:22:00,1612444031721368952,5475
2021-03-20 23:23:00,1251373834484702769,3917
2021-03-20 22:11:00,-1061572574935258287,1650
2021-03-20 21:02:00,2996689950666748118,800
2021-03-20 20:18:00,-5741311066717291903,5342
2021-03-20 20:10:00,-1940775536072707155,3190
2021-03-20 20:03:00,-4233847885367138865,2046
2021-03-20 19:53:00,9107291835097805254,2496
2021-03-20 19:32:00,6016600419981352396,1200
2021-03-20 19:31:00,-5735343358480250343,1095
2021-03-20 19:23:00,-5566070468260062925,1695
2021-03-20 19:24:00,-6910452486138434446,1395
2021-03-20 19:20:00,3335739448514964248,2840
2021-03-20 19:20:00,6690315206918597630,2320
2021-03-20 19:13:00,548177505749037303,1995
2021-03-20 19:15:00,8775358610194337234,5371
2021-03-20 19:10:00,54321823870339022,1600
2021-03-20 19:10:00,8775358610194337234,3446
2021-03-20 19:01:00,-8463791163650549431,3720
2021-03-20 18:48:00,1623497378950568040,3700
2021-03-20 18:44:00,5731376121476693130,1175
2021-03-20 18:44:00,-2051368062129483524,5136
2021-03-20 18:28:00,-4337050294089896666,5620
2021-03-20 18:19:00,-9067649711629497600,4660
2021-03-20 18:01:00,-8586917642162994831,4640
2021-03-20 17:49:00,1277389730744694274,2690
2021-03-20 17:37:00,8020381243612055200,6008
2021-03-20 17:19:00,-6771595461576350500,300
2021-03-20 17:17:00,-6771595461576350500,2525
2021-03-20 17:19:00,4118104643793165197,5616
2021-03-20 16:59:00,-2844540248200670081,2538
2021-03-20 16:35:00,4279241760163826649,6956
2021-03-20 16:29:00,4191992342275072980,6295
2021-03-20 16:23:00,-2899221065465509654,4518
2021-03-20 16:14:00,9038126022923365485,4271
2021-03-20 15:56:00,-8447988055333217566,1900
2021-03-20 15:54:00,5262044060332472437,1496
2021-03-20 15:53:00,-1218738350311039714,1496
2021-03-20 15:53:00,738376743063191647,1246
2021-03-20 15:49:00,6901777606849020943,1175
2021-03-20 15:43:00,-8011366653125774367,5395
2021-03-20 15:21:00,-9063133948033792784,4618
2021-03-20 15:15:00,7929865581150304057,2676
2021-03-20 14:42:00,2025099001055703708,3851
2021-03-20 14:36:00,-3826108319708310553,8100
2021-03-20 14:51:00,5942346719600150609,5663
2021-03-20 14:25:00,-3139701494128992140,2200
2021-03-20 14:11:00,-2385894739814016228,2521
2021-03-20 13:55:00,5258217308976362020,1520
2021-03-20 13:53:00,5311300109064142803,1321
2021-03-20 13:40:00,-7511983425404699929,2170
2021-03-20 13:41:00,6687885542816473364,2426
2021-03-20 13:30:00,7268565163794452937,1445
2021-03-20 13:21:00,5348922510205979823,2575
2021-03-20 13:19:00,2795271830319240074,3050
2021-03-20 13:16:00,-2979049558386386911,1221
2021-03-20 13:15:00,-2979049558386386911,1095
2021-03-20 13:14:00,-7001311839353183017,3716
2021-03-20 13:10:00,-3480028580081822598,1095
2021-03-20 13:08:00,-1239668613105884692,3934
2021-03-20 13:07:00,5060801259769243244,8409
2021-03-20 13:01:00,-5702929868671254115,3950
2021-03-20 12:43:00,-4898637714576904436,1095
2021-03-20 12:33:00,6422967584948673407,2570
2021-03-20 12:25:00,-1092696911044273615,725
2021-03-20 12:02:00,-5625169792984647605,4560
2021-03-20 11:57:00,1696452820650010922,1175
2021-03-20 11:40:00,-6106074059664869507,1495
2021-03-20 11:39:00,7675003113868588196,2696
2021-03-20 11:25:00,-1755836841491255749,950
2021-03-20 11:12:00,-7267425693198447086,2400
2021-03-20 11:07:00,-6681546452077555231,350
2021-03-20 11:05:00,1607128719219382933,6640
2021-03-20 10:46:00,3178133011498985184,2075
2021-03-20 10:29:00,-2712192080079328840,450
2021-03-20 10:25:00,3471876586026939029,900
2021-03-20 10:08:00,-9054322625870850201,1600
2021-03-20 09:45:00,6318223704614045314,1375
2021-03-19 23:37:00,-5967439858060002332,2445
2021-03-19 22:20:00,-1403960226548119043,1350
2021-03-19 22:07:00,1395098847121119209,2846
2021-03-19 22:04:00,9192767360965499867,1895
2021-03-19 21:55:00,-1150899156561914887,2650
2021-03-19 21:11:00,6786179837875149145,1500
2021-03-19 20:33:00,1686428732144711291,1095
2021-03-19 20:23:00,1877976511946612935,1495
2021-03-19 20:22:00,-4711750772392075977,3065
2021-03-19 20:20:00,8190261399758671041,1100
2021-03-19 20:19:00,-2840199002976720341,825
2021-03-19 20:17:00,2774861140753903769,825
2021-03-19 19:59:00,-2125882722240853122,2642
2021-03-19 19:48:00,-3672168247329222049,3993
2021-03-19 19:36:00,-371097633244098949,1900
2021-03-19 19:29:00,-3573078076622773383,1600
2021-03-19 19:09:00,6362675058784641134,1745
2021-03-19 19:08:00,5743160882932194054,1195
2021-03-19 19:02:00,7159750953460259287,1345
2021-03-19 18:52:00,-5790300548336364145,7575
2021-03-19 18:43:00,-6249236418992708035,800
2021-03-19 18:40:00,-3992705374628017058,5780
2021-03-19 18:34:00,-6913172659937815252,1075
2021-03-19 18:34:00,8029239135473640472,1600
2021-03-19 18:27:00,7692107349097037460,2688
2021-03-19 18:21:00,-3143723269476263605,2525
2021-03-19 17:57:00,7506758680726955055,3175
2021-03-19 17:45:00,5362933327773850366,1850
2021-03-19 17:47:00,-2669147166460295392,1650
2021-03-19 17:40:00,8141046337930865162,1195
2021-03-19 17:17:00,-6577095809702478308,3085
2021-03-19 17:12:00,6179531127421558489,3846
2021-03-19 17:01:00,6022018406191482520,4195
2021-03-19 16:47:00,-1054964595741654396,1321
2021-03-19 16:24:00,-7970675738086341852,1175
2021-03-19 15:27:00,2413431775930962343,2400
2021-03-19 15:09:00,2413431775930962343,3685
2021-03-19 14:54:00,-2227136722395061325,1095
2021-03-19 14:13:00,553630790547079161,1095
2021-03-19 14:07:00,-6591034604920117956,1221
2021-03-19 14:02:00,8774759006551904373,450
2021-03-19 14:01:00,8774759006551904373,3495
2021-03-19 13:48:00,878794456096354894,1900
2021-03-19 13:17:00,3575575763629481859,795
2021-03-19 13:13:00,-8693065739589502344,1200
2021-03-19 13:07:00,-5595648267655741939,1100
2021-03-19 13:02:00,-4425124205726736875,1300
2021-03-19 12:48:00,5960361447018819820,2270
2021-03-19 12:43:00,-2310737572547968330,1095
2021-03-19 12:27:00,-3214778258467450102,1995
2021-03-19 12:25:00,6867215927390293161,1295
2021-03-19 12:26:00,-2764996088691291654,1175
2021-03-19 12:24:00,-1276623110988463655,1250
2021-03-19 12:23:00,-7643618503958629652,1195
2021-03-19 12:21:00,7189211625010312649,1425
2021-03-19 12:24:00,3744620468135279432,2795
2021-03-19 12:19:00,-8197280394117274928,2800
2021-03-19 12:18:00,5940240616995039996,3395
2021-03-19 11:43:00,-2001729383018570714,1425
2021-03-19 11:41:00,1786791367479262715,3134
2021-03-19 11:37:00,-4367734268785020089,3417
2021-03-19 11:35:00,-1055713770919422666,1245
2021-03-19 11:27:00,-8491107976905215689,1100
2021-03-19 10:49:00,6778841820206843870,1100
2021-03-19 09:56:00,2291518243624760831,3325
2021-03-19 09:17:00,-6974066047176777710,1400
2021-03-18 22:23:00,-2447662385466569934,2370
2021-03-18 19:49:00,8365166390000334519,1295
2021-03-18 19:28:00,-5635496720939775036,2700
2021-03-18 19:08:00,2857545726321385364,1395
2021-03-18 18:55:00,-8100231963269092864,2275
2021-03-18 18:26:00,2443336531936449797,2400
2021-03-18 17:56:00,7376591103679081405,1075
2021-03-18 17:54:00,-8866074771054197293,1200
2021-03-18 17:46:00,104494271051769159,5895
2021-03-18 17:36:00,4211917284388278831,3635
2021-03-18 17:17:00,163822258886775182,1245
2021-03-18 16:49:00,-1378133218312010555,2550
2021-03-18 15:52:00,-568575633966828371,3272
2021-03-18 13:10:00,-3078964658691760393,1145
2021-03-18 13:07:00,-3078964658691760393,1145
2021-03-18 13:07:00,3256975901072879133,1145
2021-03-18 13:06:00,1230576079041265263,3321
2021-03-18 12:53:00,-1083518283544006262,1095
2021-03-18 12:55:00,-65722670631525881,1545
2021-03-18 12:41:00,3309490211657318087,4040
2021-03-18 12:31:00,-5636800202846724907,2716
2021-03-18 12:23:00,-7099173504160786958,2921
2021-03-18 12:24:00,3575575763629481859,2190
2021-03-18 12:21:00,2963277094783369143,2500
2021-03-18 12:10:00,-5445012324205983659,300
2021-03-18 12:14:00,4542954476570213392,1525
2021-03-18 12:09:00,-5445012324205983659,2525
2021-03-18 11:54:00,2339570404852264204,1150
2021-03-18 10:53:00,694672153028826017,350
2021-03-18 10:19:00,-8655963488939676734,1800
2021-03-18 09:27:00,8232529600670764069,3975
2021-03-18 09:09:00,-9120838873387273982,1350
2021-03-17 20:42:00,4356086861215468941,1100
2021-03-17 19:47:00,-8690696693670847217,800
2021-03-17 19:38:00,5295357105509588558,2533
2021-03-17 19:29:00,1066432357360752234,3863
2021-03-17 19:18:00,-8100231963269092864,1100
2021-03-17 19:12:00,5005590483492263830,800
2021-03-17 19:12:00,5347738600335861533,3421
2021-03-17 19:05:00,4659223626061104476,3770
2021-03-17 19:01:00,-6684831428647960028,1175
2021-03-17 18:17:00,901327691203434720,1075
2021-03-17 18:00:00,2198167528050216493,800
2021-03-17 17:59:00,6138335692046369951,6426
2021-03-17 17:38:00,6245888777097859850,3195
2021-03-17 17:25:00,-7209938978694804386,800
2021-03-17 17:23:00,8693426115041192242,2990
2021-03-17 17:17:00,-8866074771054197293,1375
2021-03-17 17:06:00,-1031154035282521185,2170
2021-03-17 16:46:00,7637550812678373091,4590
2021-03-17 15:24:00,8293375935949150808,3440
2021-03-17 14:56:00,9079115634950291680,1621
2021-03-17 14:49:00,-3465322952196976431,2575
2021-03-17 14:40:00,-1450415367201005599,1421
2021-03-17 13:51:00,22126256787698456,1746
2021-03-17 13:44:00,-6279724864455156121,1145
2021-03-17 13:34:00,-203828226372226187,1650
2021-03-17 13:30:00,-7447269977782196472,3742
2021-03-17 13:28:00,-1374520383025916149,2650
2021-03-17 13:19:00,2848845533369474329,2396
2021-03-17 13:10:00,7268565163794452937,2190
2021-03-17 13:06:00,-6908479314580652961,1445
2021-03-17 12:47:00,2530370575725340482,625
2021-03-17 12:36:00,-752103435368666113,1400
2021-03-17 12:36:00,-8068035329541134070,1263
2021-03-17 12:33:00,-5086293546668052521,2190
2021-03-17 12:31:00,3127210971648255440,2350
2021-03-17 12:16:00,3427628303861616686,2300
2021-03-17 12:04:00,-7178868737001827936,2321
2021-03-17 11:56:00,5346964825253054558,1395
2021-03-17 11:52:00,8682418764613777310,1350
2021-03-17 11:06:00,3151096804256429513,1850
2021-03-17 10:54:00,2928542439630312936,1300
2021-03-17 10:43:00,-8739231391612211652,1300
2021-03-17 10:39:00,-7815084703921079357,2700
2021-03-16 19:32:00,-2064387497895680987,2440
2021-03-16 19:28:00,3008401982775193681,1145
2021-03-16 19:02:00,-3824827838222222687,3750
2021-03-16 19:01:00,4291765960305338983,2396
2021-03-16 18:39:00,6906029920007356540,1321
2021-03-16 18:35:00,-2539925227110749006,2200
2021-03-16 18:17:00,-8532713669385661788,4967
2021-03-16 17:51:00,-4743432801489189992,825
2021-03-16 17:45:00,-4743432801489189992,3400
2021-03-16 17:25:00,5995174548117604474,3446
2021-03-16 17:17:00,8047143164610121914,2845
2021-03-16 17:01:00,-5873800417148153409,1750
2021-03-16 16:53:00,-6684831428647960028,1095
2021-03-16 16:53:00,-3887736342107797805,2790
2021-03-16 16:36:00,5775405715867773694,2340
2021-03-16 16:36:00,-6433895654304932148,1575
2021-03-16 16:33:00,-3465322952196976431,1300
2021-03-16 16:25:00,2518933307368451646,150
2021-03-16 16:24:00,2518933307368451646,1095
2021-03-16 16:13:00,4739822999336836570,1850
2021-03-16 16:13:00,3483040122713317149,1350
2021-03-16 15:41:00,7850729626771515590,1100
2021-03-16 14:54:00,6581533195221440618,2892
2021-03-16 14:33:00,8972219223467318512,1150
2021-03-16 14:01:00,6817477549539290782,925
2021-03-16 13:58:00,-2001729383018570714,2250
2021-03-16 13:53:00,93097403314745730,1325
2021-03-16 13:56:00,2888374314256373143,1445
2021-03-16 13:11:00,972345071553883157,4380
2021-03-16 13:11:00,6793501458000513224,2792
2021-03-16 12:54:00,-2310737572547968330,1400
2021-03-16 12:47:00,-7676060452375000611,2490
2021-03-16 12:43:00,-1813836067923168753,1471
2021-03-16 12:31:00,2054645185641998653,1350
2021-03-16 12:19:00,1602481680751866352,3292
2021-03-16 11:54:00,949678124912634570,2600
2021-03-16 11:30:00,5180540191303671847,2540
2021-03-16 09:45:00,-825054886195665724,1100
2021-03-15 20:36:00,-3731633482271645855,1646
2021-03-15 20:21:00,-7176927323728932765,1200
2021-03-15 20:16:00,-1998230932248079508,4560
2021-03-15 19:43:00,277061981754541299,4140
2021-03-15 19:40:00,7162550848355221348,2766
2021-03-15 19:27:00,-6835224273059901478,7667
2021-03-15 19:13:00,7903233688084596746,2922
2021-03-15 19:10:00,1578823144688663908,1900
2021-03-15 19:08:00,2063682469438465423,1900
2021-03-15 19:06:00,-8487008091009583405,2866
2021-03-15 18:31:00,-3638060619907236565,1600
2021-03-15 17:59:00,-3483534627572013594,3963
2021-03-15 17:58:00,7740843926970244782,4833
2021-03-15 17:45:00,-744580363249716006,1275
2021-03-15 17:44:00,3825572661886231778,1995
2021-03-15 17:43:00,-4719926159759227017,1095
2021-03-15 17:34:00,8047143164610121914,2970
2021-03-15 17:22:00,-2860512882083548312,2570
2021-03-15 17:14:00,1679924795301198973,845
2021-03-15 17:09:00,315209282967007677,3685
2021-03-15 17:01:00,6181646864340353378,3490
2021-03-15 17:02:00,-8463791163650549431,5665
2021-03-15 16:31:00,-3169418486230293635,1396
2021-03-15 14:04:00,5732129940532392798,300
2021-03-15 14:01:00,5732129940532392798,3115
2021-03-15 13:51:00,465214038872444964,2595
2021-03-15 13:43:00,8870005400315704138,1221
2021-03-15 13:42:00,-5400958906496539451,3021
2021-03-15 13:36:00,-2001729383018570714,1100
2021-03-15 13:05:00,-4489015713367303357,1100
2021-03-15 12:56:00,-1222972994098033827,4569
2021-03-15 12:34:00,2054645185641998653,1245
2021-03-15 12:21:00,-846867034569452498,1321
2021-03-15 12:19:00,-6945208884949035990,2350
2021-03-15 12:11:00,-7286405189881905629,1345
2021-03-15 12:05:00,4531374954673790125,350
2021-03-15 12:09:00,7168015642583719544,2745
2021-03-15 09:03:00,-4600347837716022634,1150
2021-03-14 20:25:00,-4314312860081063533,1075
2021-03-14 19:18:00,-7829989303260580458,2400
2021-03-14 19:12:00,-6835224273059901478,3546
2021-03-14 18:39:00,-6098331494390882690,3690
2021-03-14 18:22:00,-7344231173148879771,2295
2021-03-14 18:15:00,277061981754541299,2345
2021-03-14 18:21:00,7486784374080816255,6350
2021-03-14 18:04:00,2266316459486758264,800
2021-03-14 18:01:00,2266316459486758264,5200
2021-03-14 17:50:00,-6388848244438260894,500
2021-03-14 17:45:00,2176509781550252334,5441
2021-03-14 15:36:00,-7614927002239424433,1225
2021-03-14 15:19:00,5225547553700687733,1350
2021-03-14 14:50:00,-6413621748768650812,4600
2021-03-14 14:38:00,5539553337974518349,2445
2021-03-14 14:35:00,7215768929812864301,1250
2021-03-14 14:33:00,-1183732418441291869,1820
2021-03-14 14:25:00,17400340667779832,1195
2021-03-14 14:24:00,7129622727155291050,1195
2021-03-14 14:13:00,-3608544288548724244,2690
2021-03-14 14:06:00,-1537608429304599198,2467
2021-03-14 14:03:00,-8474413116287874006,4989
2021-03-14 13:54:00,5812005772841724177,8035
2021-03-14 13:14:00,5452564347896623124,2890
2021-03-14 13:14:00,4885704148375295013,3470
2021-03-14 13:08:00,-73349856756480343,7280
2021-03-14 13:05:00,718976759236967577,1321
2021-03-14 12:52:00,-7468292643279690693,100
2021-03-14 12:51:00,7872320198759992719,2921
2021-03-14 12:48:00,7482892246482756653,2950
2021-03-14 12:48:00,725156881818837227,2390
2021-03-14 12:44:00,-5573897446881388007,1375
2021-03-14 12:43:00,2948925338458399932,3285
2021-03-14 12:40:00,165535950419515317,2190
2021-03-14 12:40:00,-8292120555022852112,5095
2021-03-14 12:39:00,7725152307702686807,2275
2021-03-14 12:33:00,-9031389324452994497,1538
2021-03-14 12:31:00,-8439430164705836090,2195
2021-03-14 12:29:00,3173375384990165533,1345
2021-03-14 12:25:00,-3842277353581261068,1600
2021-03-14 12:22:00,2443336531936449797,2617
2021-03-14 12:09:00,6886562214671826435,2195
2021-03-14 12:00:00,3256975901072879133,1145
2021-03-14 11:49:00,548177505749037303,2620
2021-03-14 11:34:00,4872978503919720613,1500
2021-03-14 11:23:00,-3069875196983988076,2000
2021-03-14 11:12:00,4312909544474416245,200
2021-03-14 11:11:00,7076060663828305062,1800
2021-03-14 09:27:00,-7201278959400496987,800
2021-03-14 09:04:00,-8655580967286019237,2400
2021-03-13 21:22:00,-416891891258061325,2513
2021-03-13 20:28:00,-6202701026248678241,1100
2021-03-13 20:27:00,-6202701026248678241,2346
2021-03-13 20:23:00,-971477649208459721,1350
2021-03-13 20:05:00,165535950419515317,1095
2021-03-13 20:02:00,-1016141231302504101,1095
2021-03-13 20:00:00,1303411732036413843,1425
2021-03-13 19:30:00,-3731488910554902464,1095
2021-03-13 19:28:00,1835071269646102121,4764
2021-03-13 19:29:00,2918351839478255055,3995
2021-03-13 19:13:00,-108998433843761233,800
2021-03-13 19:11:00,-108998433843761233,1895
2021-03-13 18:53:00,-4649246082682822810,2190
2021-03-13 18:43:00,7692107349097037460,6396
2021-03-13 18:31:00,-965985152648762554,2700
2021-03-13 18:25:00,4830596144243406745,1095
2021-03-13 18:16:00,277061981754541299,2045
2021-03-13 18:07:00,6990984713305277305,2840
2021-03-13 18:11:00,-6958756382184060233,4198
2021-03-13 17:36:00,-6717286864262714250,3540
2021-03-13 17:33:00,-728032857406929210,6225
2021-03-13 17:33:00,-1373947847314414612,7675
2021-03-13 17:29:00,6770099900962240834,3325
2021-03-13 17:20:00,-4667528891502786797,4431
2021-03-13 16:53:00,-4730617157270389542,1900
2021-03-13 16:50:00,-5181964222389014979,5436
2021-03-13 16:44:00,-2043199321538068036,9985
2021-03-13 16:38:00,-2753117002962130841,2995
2021-03-13 16:22:00,8362695588534761751,1600
2021-03-13 16:22:00,-3083916092422072960,4400
2021-03-13 16:21:00,-4597768265703885938,4925
2021-03-13 16:00:00,-526556689686261715,7475
2021-03-13 15:25:00,3479227191736013839,150
2021-03-13 15:21:00,3479227191736013839,1375
2021-03-13 15:13:00,640922854070635817,425
2021-03-13 15:13:00,5878420493178124690,2614
2021-03-13 14:53:00,6292932183827114782,2650
2021-03-13 14:50:00,-2602718489101209510,2496
2021-03-13 14:46:00,-6324957177383305420,3890
2021-03-13 14:24:00,-4768696099401742909,150
2021-03-13 14:23:00,-4768696099401742909,5066
2021-03-13 14:19:00,-2899221065465509654,3421
2021-03-13 14:16:00,7945919070103863662,1175
2021-03-13 14:14:00,-1441343346767669238,1195
2021-03-13 14:08:00,-624735226626099852,1650
2021-03-13 13:55:00,3432082937527605666,1221
2021-03-13 13:54:00,-4863094759420978151,3285
2021-03-13 13:53:00,-3480028580081822598,1890
2021-03-13 13:47:00,-1685944550015282467,425
2021-03-13 13:44:00,4573166873125641784,2275
2021-03-13 13:42:00,-3073080033258736023,3217
2021-03-13 13:37:00,-3796878325254634169,1100
2021-03-13 13:34:00,-7511983425404699929,2250
2021-03-13 13:41:00,7594933217282684949,5645
2021-03-13 13:31:00,3988165496248379707,6566
2021-03-13 13:31:00,4697436179488753883,1300
2021-03-13 13:23:00,-6335463422363507087,2591
2021-03-13 13:28:00,8595622767982559946,5495
2021-03-13 13:20:00,5641413464430490584,3390
2021-03-13 13:19:00,-5140390518684663528,5509
2021-03-13 13:12:00,-7844691783482215124,2840
2021-03-13 13:09:00,-1163804507976434267,2350
2021-03-13 12:55:00,-1839172300933908758,850
2021-03-13 12:53:00,-1839172300933908758,2190
2021-03-13 12:35:00,6012764784750200904,1425
2021-03-13 12:33:00,-9063133948033792784,3779
2021-03-13 12:23:00,9178049355158547427,7720
2021-03-13 12:16:00,-5165617966912027359,8491
2021-03-13 12:08:00,-1939677470169157703,5275
2021-03-13 12:06:00,7132918771099185104,6311
2021-03-13 11:01:00,-6320411677205519509,2195
2021-03-13 10:28:00,-2818870384896638536,4000
2021-03-13 10:14:00,-7201278959400496987,1475
2021-03-13 10:08:00,4750843108207023791,3300
2021-03-13 09:57:00,-4600347837716022634,1225
2021-03-13 09:50:00,4491456726384205371,1600
2021-03-13 09:27:00,2929249484089941084,2075
2021-03-01 18:39:00,7268565163794452937,2572
2021-02-28 20:56:00,-3311248598974823758,1275
2021-02-28 19:26:00,-5735343358480250343,2396
2021-02-28 19:23:00,7072350339844499402,1495
2021-02-28 19:13:00,7042182330690915961,4067
2021-02-28 19:10:00,-8237807001589294465,3425
2021-02-28 18:46:00,-2053043152399649605,3600
2021-02-28 18:16:00,54321823870339022,7318
2021-02-28 18:16:00,8601131671460204602,5616
2021-02-28 18:13:00,99432836346496665,3046
2021-02-28 18:02:00,-2131330169432211280,2150
2021-02-28 17:44:00,-4541426757443839383,6084
2021-02-28 17:30:00,1623497378950568040,3946
2021-02-28 17:27:00,2116445246846439153,3561
2021-02-28 17:17:00,4096522306575705359,6025
2021-02-28 17:14:00,-4716335403319474156,4395
2021-02-28 16:56:00,4576153211301924902,4541
2021-02-28 16:17:00,-6913172659937815252,2296
2021-02-28 16:10:00,6884384678106902600,1395
2021-02-28 16:10:00,-5799287877021321679,1095
2021-02-28 15:52:00,-6838337531700012424,3175
2021-02-28 15:30:00,-3387830921604793694,2913
2021-02-28 14:46:00,-8880539668985163722,3425
2021-02-28 14:31:00,7096071516365121495,2946
,-7885549210731989432,0
2021-02-28 14:24:00,-926711619841319368,1600
2021-02-28 14:10:00,-898547156243972709,150
2021-02-28 13:45:00,-2001729383018570714,2650
2021-02-28 13:42:00,5292895985491776424,1350
2021-02-28 13:40:00,-1462364622898050891,1195
2021-02-28 13:39:00,2098229972399880824,3367
2021-02-28 13:37:00,-4739977040940247720,1295
2021-02-28 13:35:00,-3624575244293666017,4308
2021-02-28 13:36:00,-6968577217310107813,1695
2021-02-28 13:32:00,1686358126837897169,7480
2021-02-28 13:04:00,-7346026090956806539,2800
2021-02-28 13:02:00,5402753858758953478,2740
2021-02-28 12:55:00,-8386070752351151305,1250
2021-02-28 12:52:00,-380538478408779808,1500
2021-02-28 12:42:00,4467647758862430916,3970
2021-02-28 12:39:00,-9134582277046685952,1250
2021-02-28 12:38:00,1602481680751866352,2820
2021-02-28 12:32:00,-8223948345803163386,1245
2021-02-28 12:33:00,-3628859727888843571,1825
2021-02-28 12:28:00,5434390889071918458,300
2021-02-28 12:23:00,7482892246482756653,3950
2021-02-28 12:20:00,-1886512461826983260,2600
2021-02-28 12:17:00,4172280019023256497,2500
2021-02-28 12:16:00,8624847720252685839,1175
2021-02-28 12:10:00,-6874674695031816465,1900
2021-02-28 12:13:00,-7070608422808079969,4445
2021-02-28 11:57:00,7726706685513942826,2600
2021-02-28 10:47:00,-7621297115606113523,1125
2021-02-28 10:05:00,3178133011498985184,2125
2021-02-28 09:49:00,445985420206100327,950
2021-02-28 09:37:00,8678874820014386119,2100
2021-02-28 08:24:00,5589958373697685627,1600
2021-02-27 20:37:00,-5803096661459250289,1250
2021-02-27 20:16:00,-3010061342604031269,1175
2021-02-27 20:10:00,-758764273602998205,2721
2021-02-27 19:09:00,-5639930903470074358,2955
2021-02-27 18:20:00,-4073336940929276918,4772
2021-02-27 18:12:00,-3216572396473669707,2445
2021-02-27 18:02:00,6289953788333458471,3817
2021-02-27 17:51:00,-6551414508265248653,2345
2021-02-27 17:54:00,-7367769056822497897,3746
2021-02-27 17:45:00,-173601552015587749,4545
2021-02-27 17:33:00,-1007540296496806204,2525
2021-02-27 17:27:00,5770596889600030038,3051
2021-02-27 17:23:00,-4511348284023960230,1095
2021-02-27 17:23:00,-4025566327995956786,3296
2021-02-27 17:20:00,-6717286864262714250,6435
2021-02-27 17:14:00,478034259437987761,2945
2021-02-27 17:00:00,466170597045861058,5730
2021-02-27 16:47:00,6319417562734709539,5243
2021-02-27 16:39:00,670364274824273464,2650
2021-02-27 16:37:00,1582438403187271391,3280
2021-02-27 16:34:00,-4306500570503868509,2000
2021-02-27 16:15:00,7155107585898711743,200
2021-02-27 16:15:00,2322186084362496506,2290
2021-02-27 16:13:00,7155107585898711743,1245
2021-02-27 16:11:00,-1524217269956186472,4227
2021-02-27 16:08:00,-877861360698963159,2620
2021-02-27 15:10:00,-5763453532858436851,1175
2021-02-27 14:59:00,-829643700273386163,2642
2021-02-27 14:57:00,8996214686802228577,2850
2021-02-27 14:45:00,1431396425623456828,1995
2021-02-27 13:41:00,-971477649208459721,1195
2021-02-27 13:41:00,-455198954226556135,1100
2021-02-27 13:34:00,-6320411677205519509,2800
2021-02-27 13:31:00,-971477649208459721,2200
2021-02-27 13:13:00,4526426699036151126,1600
2021-02-27 13:11:00,4526426699036151126,3525
2021-02-27 13:07:00,-5769874024288706196,3650
2021-02-27 13:04:00,183248739751929739,3470
2021-02-27 13:03:00,-2716773750625789471,2100
2021-02-27 13:01:00,7277777316825262018,5417
2021-02-27 12:57:00,6637567165807448239,2350
2021-02-27 12:51:00,2308861742928978670,2370
2021-02-27 12:50:00,-1196931299713241843,6913
2021-02-27 12:34:00,6989812824314132927,1095
2021-02-27 12:34:00,5539553337974518349,1200
2021-02-27 12:29:00,579304069947792464,3615
,579304069947792464,0
2021-02-27 12:20:00,-2123560172332508462,4335
2021-02-27 12:18:00,-1504947856232749536,2790
2021-02-27 12:16:00,5323723631352165615,1175
2021-02-27 12:13:00,7676400365931610979,2525
2021-02-27 12:15:00,6099355507644166833,3465
2021-02-27 11:40:00,193209303330769041,1245
2021-02-27 11:41:00,6687815738232387755,2540
2021-02-27 11:33:00,-5741959685298885573,2609
2021-02-27 11:14:00,1575377665568999672,1221
2021-02-27 11:06:00,2488876969525346869,4000
2021-02-27 11:01:00,2325599552516525216,1525
2021-02-27 09:50:00,4295797757603015818,1600
2021-02-27 08:57:00,4183775556859191348,1450
2021-02-26 21:18:00,7948809977460351514,1445
2021-02-26 20:35:00,-7139299820845906033,3863
2021-02-26 20:09:00,1935628378898455558,3945
2021-02-26 19:32:00,5707539397350767625,1145
2021-02-26 19:24:00,3479227191736013839,725
2021-02-26 19:19:00,-1108127665778830912,4040
2021-02-26 18:49:00,-6332082708339083877,2715
2021-02-26 18:44:00,-8408082372402007613,5285
2021-02-26 18:38:00,-1450415367201005599,2642
2021-02-26 18:31:00,5242003090285671763,1495
2021-02-26 18:17:00,3012127933407490962,250
2021-02-26 17:56:00,-6017832773104234848,6400
2021-02-26 17:46:00,3289571103406453673,3342
2021-02-26 17:42:00,-1910412547087126495,2777
2021-02-26 17:39:00,944790770862535489,1596
2021-02-26 17:36:00,-1396493072400261894,1321
2021-02-26 17:38:00,-5017520231029597754,1700
2021-02-26 17:29:00,641483061444259440,1095
2021-02-26 17:24:00,-842901218821750237,2425
2021-02-26 17:24:00,4546139738480843068,4021
2021-02-26 17:23:00,-5737194378913455374,800
2021-02-26 17:19:00,7390559214263583326,2590
2021-02-26 17:19:00,538186727691391083,1345
2021-02-26 17:13:00,3229964276699695237,800
2021-02-26 17:07:00,3049444082470115904,2700
2021-02-26 16:58:00,2339570404852264204,1445
2021-02-26 16:46:00,1858471873359576025,4071
2021-02-26 16:27:00,-2472323467783849767,1245
2021-02-26 16:15:00,-6587979224298330800,1321
2021-02-26 16:06:00,-3731633482271645855,2721
2021-02-26 16:03:00,2359728983632692606,2590
2021-02-26 15:29:00,-2263278584029875917,4421
2021-02-26 15:04:00,3178133011498985184,2084
2021-02-26 14:48:00,48708505707287091,1670
2021-02-26 13:25:00,1617721919759507630,2490
2021-02-26 13:13:00,-4357060743619175877,2890
2021-02-26 13:05:00,-1554720275805277655,2250
2021-02-26 12:51:00,-7426856867088077248,1175
2021-02-26 12:48:00,-1213345598950783009,3285
2021-02-26 12:36:00,-752103435368666113,2575
2021-02-26 12:31:00,-2693077317186757088,1321
2021-02-26 12:26:00,7388946741554232361,2045
2021-02-26 12:17:00,-8197280394117274928,3600
2021-02-26 12:08:00,2201892240837387254,1496
2021-02-26 12:05:00,5712616227511751855,1575
2021-02-26 12:01:00,-3230980805154850141,2220
2021-02-26 11:56:00,-3897216430717649479,1600
2021-02-26 11:19:00,2083280582994416503,5220
2021-02-26 11:17:00,-5869241726895498432,1650
2021-02-26 11:03:00,-1725155065002177777,1321
2021-02-26 09:18:00,7886139043810494031,500
2021-02-26 08:03:00,4183775556859191348,725
2021-02-25 20:33:00,9022092185546275764,1175
2021-02-25 20:23:00,5276177932464978452,563
2021-02-25 19:53:00,2666621583928073247,2725
2021-02-25 19:42:00,-6197389568655193670,1195
2021-02-25 19:39:00,-8559486439940729089,2270
2021-02-25 19:39:00,2015018625235568743,1100
2021-02-25 19:25:00,2503221602711309683,1600
2021-02-25 18:45:00,-3270905804974842873,2396
2021-02-25 18:44:00,-3270905804974842873,2442
2021-02-25 18:45:00,734235006639102162,1396
2021-02-25 18:37:00,2754747725796839685,4323
2021-02-25 18:23:00,1623497378950568040,3545
2021-02-25 18:16:00,-3304327680831661389,5920
2021-02-25 18:09:00,-8233284999704523093,1075
2021-02-25 18:07:00,-3035200153278648242,1396
2021-02-25 18:00:00,-7832895091564086968,1075
2021-02-25 17:46:00,-7038750473505054646,2891
2021-02-25 17:42:00,160632685684833614,3000
2021-02-25 17:39:00,-8785709442964917355,1246
2021-02-25 17:38:00,-3612379948419600721,2445
2021-02-25 17:35:00,-5066664195707771911,1145
2021-02-25 17:25:00,3380723260067655261,5930
2021-02-25 17:17:00,7669514345748369740,1350
2021-02-25 15:34:00,1568150998178554888,3671
2021-02-25 14:45:00,209054977208918234,1475
2021-02-25 14:15:00,2714236603290164169,1300
2021-02-25 13:37:00,4127138372439398401,1595
2021-02-25 13:11:00,-2662337666597174224,1100
2021-02-25 13:10:00,4218974515211737895,2190
2021-02-25 12:59:00,-2833810531152635044,2400
2021-02-25 12:52:00,-9073506695320019787,1350
2021-02-25 12:48:00,-2505933535427348506,2275
2021-02-25 12:44:00,-495626980972884012,1321
2021-02-25 12:29:00,-6591034604920117956,1221
2021-02-25 12:27:00,548177505749037303,2495
2021-02-25 12:25:00,-5909172339182622741,250
2021-02-25 12:24:00,-9097923235483778475,2190
2021-02-25 12:16:00,-7251291706823397829,1521
2021-02-25 12:16:00,-5909172339182622741,3275
2021-02-25 12:13:00,-4965137227285031031,2340
2021-02-25 12:11:00,-3315376368101994695,1245
2021-02-25 12:09:00,-6237244152937445296,5326
2021-02-25 11:43:00,-2001729383018570714,1195
2021-02-25 11:44:00,-49215372880097209,2250
2021-02-25 11:38:00,6159437867470763114,1175
2021-02-25 11:31:00,25457609924471693,2666
2021-02-25 11:22:00,-380538478408779808,3295
2021-02-25 11:21:00,-1701260086830417695,4100
2021-02-25 11:09:00,-5754915679819458189,3817
2021-02-25 08:03:00,4183775556859191348,725
2021-02-24 20:18:00,-112008656468463034,2900
2021-02-24 20:05:00,-4897152834210941746,1095
2021-02-24 19:22:00,6095448557998466105,1095
2021-02-24 18:53:00,69044502445965019,3735
2021-02-24 18:17:00,7245068848391521318,4980
2021-02-24 17:35:00,9022092185546275764,1175
2021-02-24 16:54:00,-7565640460064119475,5420
2021-02-24 15:15:00,-1214031717742047155,400
2021-02-24 15:13:00,711196088051002529,1195
2021-02-24 14:57:00,-3304327680831661389,2200
2021-02-24 14:18:00,6856691662686267748,2226
2021-02-24 14:04:00,-3495253817625332931,4016
2021-02-24 14:00:00,-8859230989494795917,563
2021-02-24 13:39:00,7025002251742865299,3445
2021-02-24 13:17:00,3575575763629481859,1145
2021-02-24 12:48:00,-7965705793707071387,5580
2021-02-24 12:42:00,5997696385292604596,1095
2021-02-24 12:25:00,3082847077485315092,3950
2021-02-24 12:26:00,-6797013789273652343,6527
2021-02-24 12:17:00,6742684481550321802,3645
2021-02-24 11:58:00,8271502901921621819,4471
2021-02-24 11:48:00,9125025246604216691,3325
2021-02-24 11:38:00,-6591034604920117956,1095
2021-02-24 11:41:00,-7635427820022735478,1145
2021-02-24 11:13:00,7886139043810494031,1095
2021-02-24 11:11:00,-2806469383947655261,1250
2021-02-24 11:06:00,8290353124545896195,2895
2021-02-24 09:10:00,445985420206100327,450
2021-02-23 21:10:00,-2055838273145558081,3571
2021-02-23 20:19:00,2697222828927780154,600
2021-02-23 20:00:00,-3270905804974842873,2571
2021-02-23 19:54:00,8296032235059132557,2250
2021-02-23 19:48:00,-8233284999704523093,1250
2021-02-23 19:45:00,-2472323467783849767,1500
2021-02-23 19:32:00,6591257916637169545,2396
2021-02-23 18:08:00,-9137393404240896794,3885
2021-02-23 17:40:00,2817299406316847848,2671
2021-02-23 17:34:00,-7190773463815846436,3383
2021-02-23 16:39:00,5351365036739263240,2421
2021-02-23 16:27:00,6658954410455685013,2326
2021-02-23 16:23:00,-215673383093102227,3395
2021-02-23 15:35:00,-2200183906772839962,2815
2021-02-23 15:31:00,-6599385089636830009,3670
2021-02-23 15:06:00,67851530367173513,1695
2021-02-23 13:53:00,-5974339823915330393,600
2021-02-23 13:52:00,-5974339823915330393,1300
2021-02-23 13:44:00,3908538185874624073,3835
2021-02-23 13:27:00,3120106955600895739,1300
2021-02-23 13:28:00,5115080067980519470,1300
2021-02-23 13:20:00,-5909172339182622741,1500
2021-02-23 13:18:00,-2001729383018570714,1400
2021-02-23 12:49:00,2006699873574979989,1245
2021-02-23 12:34:00,4210113453706998483,1300
2021-02-23 12:36:00,-6797013789273652343,1521
2021-02-23 12:01:00,5115780283823277908,2500
2021-02-23 11:06:00,1540072320044329705,2534
2021-02-22 20:59:00,3416107181172550948,4566
2021-02-22 18:54:00,6591257916637169545,2770
2021-02-22 18:50:00,342197950445692670,1350
2021-02-22 18:49:00,-2517489618744593946,2400
2021-02-22 18:46:00,-4982986784722792379,2345
2021-02-22 18:11:00,7245068848391521318,4428
2021-02-22 17:42:00,8165846678315106644,1495
2021-02-22 17:20:00,4555984118295145001,5620
2021-02-22 16:33:00,-2063831744786914331,1075
2021-02-22 15:14:00,8484388782832524030,2409
2021-02-22 15:09:00,-4860536074006187597,1321
2021-02-22 14:41:00,-6924700439083968572,1375
2021-02-22 14:38:00,-8065366906797464376,1495
2021-02-22 14:06:00,-3856273433699917449,2542
2021-02-22 13:17:00,-7626945857583277425,1245
2021-02-22 13:11:00,8982724762560278029,2442
2021-02-22 12:46:00,-7650290132896161432,1350
2021-02-22 12:44:00,-2972379939410854468,2201
2021-02-22 12:30:00,3575575763629481859,1145
,2597930102690389025,0
,2597930102690389025,0
2021-02-22 12:18:00,25457609924471693,1150
2021-02-22 12:16:00,-7643618503958629652,1295
2021-02-22 12:14:00,-2764996088691291654,1300
2021-02-22 12:15:00,6867215927390293161,1075
2021-02-22 11:44:00,310083140768509937,1195
2021-02-22 11:34:00,-5518065733880569741,3285
2021-02-22 10:13:00,-5396389355748303067,3025
2021-02-22 09:07:00,-2472323467783849767,1400
2021-02-21 21:29:00,-4003473924574738235,2175
2021-02-21 20:07:00,8190261399758671041,1100
2021-02-21 19:29:00,-8898924193602137038,5963
2021-02-21 18:54:00,9010591636419650398,1221
2021-02-21 18:40:00,-6986384099904226892,5546
2021-02-21 18:32:00,-2739150455161867370,2596
2021-02-21 18:27:00,426266595755240331,3900
2021-02-21 18:09:00,-6631089760948432534,4970
2021-02-21 18:12:00,7945913266776652727,4492
2021-02-21 18:06:00,-681980620636817254,1175
2021-02-21 18:06:00,54321823870339022,5159
2021-02-21 18:04:00,905678351627976064,2908
2021-02-21 17:52:00,-6717286864262714250,2496
2021-02-21 17:48:00,-7902862848182547998,3785
2021-02-21 17:37:00,-2935011713165778484,4895
2021-02-21 17:28:00,3477540536452194846,1913
2021-02-21 17:19:00,9118550599927371037,400
2021-02-21 17:20:00,-31467174560226165,2496
2021-02-21 17:18:00,3913345885303425342,2917
2021-02-21 17:16:00,6022018406191482520,4370
2021-02-21 17:11:00,9118550599927371037,4545
2021-02-21 16:59:00,2822372348121722958,2717
2021-02-21 16:54:00,6139508107168035599,1095
2021-02-21 16:54:00,-7682734872691606306,4300
2021-02-21 16:52:00,-1064753665817695368,1445
2021-02-21 16:49:00,-1952827654398226554,2550
2021-02-21 16:39:00,6095448557998466105,1495
2021-02-21 15:44:00,-4657944306376397117,2496
2021-02-21 15:11:00,-5958489928364396818,2150
2021-02-21 14:34:00,6422967584948673407,2622
2021-02-21 14:31:00,-9064025640987248775,4127
2021-02-21 14:17:00,4325963289238632137,3737
2021-02-21 14:12:00,-765255682564824861,2572
2021-02-21 14:10:00,-765255682564824861,2442
2021-02-21 14:09:00,-765255682564824861,4984
2021-02-21 14:02:00,-1292873928351380765,3415
2021-02-21 13:56:00,2930875130331748322,1650
2021-02-21 13:51:00,-4617158849851233615,1625
2021-02-21 13:20:00,3932120119351875856,2990
2021-02-21 13:04:00,-2433188019790259724,1970
2021-02-21 12:52:00,-5197581433546682244,2450
2021-02-21 12:50:00,-1445483794518705036,1345
2021-02-21 12:40:00,7482892246482756653,3195
2021-02-21 12:40:00,4659223626061104476,3090
2021-02-21 12:20:00,-4005382173486665991,2846
2021-02-21 12:00:00,-3966536204983921651,3120
2021-02-21 11:53:00,4533638996315743622,3574
2021-02-21 11:39:00,-380538478408779808,3395
2021-02-21 11:36:00,8624847720252685839,2301
2021-02-21 11:35:00,5712616227511751855,2825
2021-02-21 10:41:00,445985420206100327,850
2021-02-21 08:30:00,2695605158081442239,3625
2021-02-20 21:07:00,-3971226965921400113,2050
2021-02-20 20:35:00,-7724185218626980844,1620
2021-02-20 19:26:00,-7829989303260580458,2595
2021-02-20 19:17:00,3380723260067655261,4147
2021-02-20 18:43:00,-6221094183224449042,3888
2021-02-20 18:07:00,-7650290132896161432,2816
2021-02-20 18:02:00,3997367198850624655,4540
2021-02-20 17:55:00,-6563246392952386452,2020
2021-02-20 17:54:00,-219766858361741416,5265
2021-02-20 17:27:00,9125025246604216691,6185
2021-02-20 16:55:00,1617721919759507630,1095
2021-02-20 16:33:00,-8224126835626608005,900
2021-02-20 16:32:00,-6924700439083968572,450
2021-02-20 16:33:00,477119597269536433,2588
2021-02-20 16:20:00,5539553337974518349,3485
2021-02-20 16:01:00,-3802723587427696846,3021
2021-02-20 16:00:00,-6924700439083968572,2265
2021-02-20 15:54:00,3386309282301967612,2121
2021-02-20 15:50:00,-7774275076153086526,5093
2021-02-20 15:39:00,-958850699712721999,2542
2021-02-20 15:06:00,9095518527304191459,3300
2021-02-20 14:49:00,-1015810149518621073,1221
2021-02-20 14:50:00,-4809203411644681759,1221
2021-02-20 14:38:00,4750843108207023791,2792
2021-02-20 14:36:00,7744282178799914883,1475
2021-02-20 14:30:00,-5382193160185491303,2795
2021-02-20 14:26:00,1794690435406165962,2542
2021-02-20 14:17:00,3393887410725436586,3375
2021-02-20 14:14:00,-971477649208459721,2000
2021-02-20 14:09:00,7684194731863734514,1571
2021-02-20 14:10:00,9114585747947223860,2850
2021-02-20 14:06:00,5104341234809027145,4537
2021-02-20 13:58:00,478034259437987761,2600
2021-02-20 13:54:00,8211797537215128636,1600
2021-02-20 13:51:00,45441572686996390,2270
2021-02-20 13:21:00,-8068035329541134070,3300
2021-02-20 13:17:00,-2472323467783849767,1245
2021-02-20 13:15:00,7905343953826472516,3145
2021-02-20 13:15:00,-6157222087948389306,3270
2021-02-20 13:06:00,3140405472150663306,1175
2021-02-20 13:03:00,3932120119351875856,1145
2021-02-20 13:00:00,8159133462906121386,8428
2021-02-20 12:55:00,4930894553412707589,250
2021-02-20 12:52:00,4046753763083424346,1145
2021-02-20 12:51:00,6591257916637169545,2425
2021-02-20 12:55:00,-5769874024288706196,3640
2021-02-20 12:46:00,-7088379297864134343,2400
2021-02-20 12:36:00,6345588663268444041,1195
2021-02-20 12:36:00,-4582668122235541845,2795
2021-02-20 12:31:00,-2123560172332508462,1545
2021-02-20 12:34:00,-6818747019909658951,3830
2021-02-20 12:29:00,-1058810268781032170,4606
2021-02-20 12:22:00,-7676060452375000611,1145
2021-02-20 12:20:00,-8570681125603552030,3985
2021-02-20 12:16:00,-8718820035589654971,4021
2021-02-20 12:13:00,3450000827455494775,2421
2021-02-20 12:09:00,7362000777420202178,2100
2021-02-20 11:58:00,-5741959685298885573,5671
2021-02-20 11:45:00,-998183697499560977,1546
2021-02-20 11:45:00,-4789308386015065272,2742
2021-02-20 11:42:00,4885704148375295013,2550
2021-02-20 11:01:00,-4367734268785020089,2917
2021-02-20 10:07:00,-1858399374017762675,2125
2021-02-19 20:41:00,-9073506695320019787,1395
2021-02-19 20:02:00,-7829989303260580458,2717
2021-02-19 19:37:00,-8947697267978550070,3725
2021-02-19 19:19:00,-3047580834385916369,2300
2021-02-19 18:53:00,-6332082708339083877,2200
2021-02-19 18:51:00,-8408082372402007613,5490
2021-02-19 18:39:00,-8755725129393741831,4395
2021-02-19 18:36:00,245840662326847127,2396
2021-02-19 18:32:00,7316317562748344729,4700
2021-02-19 18:28:00,3888007232229793512,9605
2021-02-19 18:20:00,589511938377863578,4500
2021-02-19 18:11:00,54321823870339022,6054
2021-02-19 17:56:00,-4816665031631386142,2595
2021-02-19 17:32:00,-8486111036208810503,1646
2021-02-19 17:16:00,-3771234067309667068,2190
2021-02-19 17:04:00,3049444082470115904,2721
2021-02-19 16:59:00,478034259437987761,2420
2021-02-19 16:55:00,4430736696053353886,2990
2021-02-19 16:50:00,-8209038015853529799,21797
2021-02-19 16:18:00,2885374583378551769,7634
2021-02-19 15:53:00,-3177875940463382725,2320
2021-02-19 15:26:00,8877262063493851288,2525
2021-02-19 15:16:00,2255985313493438709,1095
2021-02-19 15:08:00,3082847077485315092,2513
2021-02-19 14:06:00,8797045185936246562,1145
2021-02-19 13:39:00,-3530933051759545188,3290
2021-02-19 13:21:00,-4357060743619175877,3190
2021-02-19 12:53:00,4218974515211737895,1145
2021-02-19 12:39:00,-74725694719289609,2584
2021-02-19 12:28:00,-6591034604920117956,2190
2021-02-19 12:17:00,-6367791326422040827,1471
2021-02-19 12:15:00,-2662337666597174224,1295
2021-02-19 11:42:00,-2250293511785377995,3485
2021-02-19 11:17:00,-3596806778847708934,6925
2021-02-19 11:16:00,3481188793385900944,1550
2021-02-18 20:29:00,-6250228927096515071,1795
2021-02-18 19:46:00,4725169323527236501,2700
2021-02-18 19:36:00,-6332082708339083877,1250
2021-02-18 19:28:00,3082847077485315092,3745
2021-02-18 19:00:00,2176509781550252334,2765
2021-02-18 18:55:00,2383032895508374966,2793
2021-02-18 18:05:00,2798015858322023072,4650
2021-02-18 18:09:00,2480177151008227291,3465
2021-02-18 16:48:00,8576217222004696991,2720
2021-02-18 16:33:00,-6631089760948432534,1800
2021-02-18 16:28:00,-6631089760948432534,3115
2021-02-18 16:19:00,-380538478408779808,1650
2021-02-18 15:24:00,4778171845261017418,1095
2021-02-18 15:17:00,8438170548692314962,1175
2021-02-18 14:31:00,-826251078159394817,4150
2021-02-18 13:52:00,3320186113031629159,1221
2021-02-18 13:28:00,-4123647712327113893,1175
2021-02-18 13:13:00,1316552528590939058,2201
2021-02-18 12:53:00,-2001729383018570714,2195
2021-02-18 12:37:00,-7381832680155719644,3325
2021-02-18 12:26:00,1951125607271834960,1321
2021-02-18 12:32:00,-752103435368666113,4865
2021-02-18 12:23:00,548177505749037303,3120
2021-02-18 12:02:00,885331268958357270,2734
2021-02-18 11:36:00,-2472323467783849767,1450
2021-02-17 21:05:00,-6110835887605499361,3486
2021-02-17 20:43:00,-6053017632518383417,1626
2021-02-17 20:38:00,-2977482629149216402,1350
2021-02-17 20:04:00,-1842299164209254026,2350
2021-02-17 19:37:00,-413116244806167680,4115
2021-02-17 19:17:00,510999445070437456,1321
2021-02-17 18:25:00,1356672668897647056,1350
2021-02-17 18:00:00,7948809977460351514,925
2021-02-17 17:49:00,-1418999506663743369,3516
2021-02-17 17:05:00,315209282967007677,2590
2021-02-17 17:03:00,-3612379948419600721,2690
2021-02-17 16:55:00,7783018257787648834,1620
2021-02-17 16:33:00,464506676792482275,1195
2021-02-17 16:30:00,5511719198173125455,2976
2021-02-17 16:27:00,5511719198173125455,1300
2021-02-17 15:17:00,-8947697267978550070,1100
2021-02-17 14:44:00,-2472323467783849767,1450
2021-02-17 14:23:00,2666621583928073247,2801
2021-02-17 13:53:00,4100451865694270828,3871
2021-02-17 13:49:00,-3314101006781585390,2700
2021-02-17 13:51:00,-8540060245480217887,2872
2021-02-17 13:45:00,1801255575597830945,1025
2021-02-17 13:45:00,-7048139703029862255,975
2021-02-17 13:27:00,2810902405766857707,1225
2021-02-17 13:00:00,-7841073673894379826,2890
2021-02-17 12:55:00,-6407945506970715084,2450
2021-02-17 12:51:00,1901747644820337396,1300
2021-02-17 12:42:00,-3158899921317081790,2700
2021-02-17 12:34:00,-945286995234123649,1345
2021-02-17 12:27:00,4893246033367093651,1550
2021-02-17 12:29:00,7905343953826472516,4331
2021-02-17 12:25:00,355965935648650446,7168
2021-02-17 12:10:00,-5909172339182622741,1677
2021-02-17 12:09:00,4016643587573587651,1352
2021-02-17 11:59:00,6950259706187406302,4056
2021-02-17 11:49:00,1478492514821135479,1300
2021-02-17 11:42:00,-1199313637356668851,7401
2021-02-17 11:11:00,-5284777273379071241,1381
2021-02-17 11:06:00,-971477649208459721,1100
2021-02-17 11:03:00,-5396389355748303067,4296
2021-02-17 10:59:00,-8471477197003557523,2950
2021-02-16 18:42:00,-872094932760761838,1145
2021-02-16 18:39:00,-9137393404240896794,4094
2021-02-16 18:07:00,-1916930032373572603,3930
2021-02-16 15:12:00,-5700028545451241107,2272
2021-02-16 15:08:00,2993439576484567471,1381
2021-02-16 14:33:00,67851530367173513,2272
2021-02-16 14:09:00,448305687357447527,2042
2021-02-16 13:31:00,9159125902952238472,1118
2021-02-16 13:10:00,9010591636419650398,1750
2021-02-16 12:41:00,-6945208884949035990,2704
2021-02-16 12:40:00,185026860447089225,1245
2021-02-16 12:39:00,-6571833032859730991,1823
2021-02-16 12:36:00,-2764996088691291654,1381
2021-02-16 12:35:00,6867215927390293161,1195
2021-02-16 12:34:00,-7643618503958629652,1295
2021-02-16 12:25:00,-2001729383018570714,2300
2021-02-16 12:24:00,-6880790529795222335,100
2021-02-16 12:20:00,-3311831615022283449,2670
2021-02-16 12:18:00,8853269787649839758,3054
2021-02-16 11:44:00,-5173964452250109216,1648
2021-02-16 11:37:00,6906029920007356540,2437
2021-02-15 20:46:00,-502545694051471074,4565
2021-02-15 18:52:00,-6792487793699543333,4135
2021-02-15 18:36:00,4921423964729001718,1381
2021-02-15 18:31:00,-3445144165253982904,2676
2021-02-15 18:17:00,4621644862749566812,4274
2021-02-15 17:50:00,2885374583378551769,4231
2021-02-15 17:49:00,2283251064764079373,1848
2021-02-15 17:27:00,4211917284388278831,3815
2021-02-15 16:40:00,2301027405726796831,4028
2021-02-15 16:33:00,-2990850342872847252,1848
2021-02-15 16:24:00,-2901440501827806118,2616
2021-02-15 16:21:00,-8226153122250704623,7979
2021-02-15 16:09:00,9094991758103796893,1095
2021-02-15 16:04:00,-5066664195707771911,1195
2021-02-15 15:52:00,-7209938978694804386,734
2021-02-15 15:47:00,-7209938978694804386,1100
2021-02-15 15:47:00,-943486344318001559,3140
2021-02-15 15:34:00,-7308900806307277284,3659
2021-02-15 14:48:00,-380538478408779808,3300
2021-02-15 14:33:00,-3078964658691760393,1850
2021-02-15 14:19:00,-2790611941591045516,3048
2021-02-15 14:10:00,-8011366653125774367,3393
2021-02-15 14:06:00,4933021941777907627,2990
2021-02-15 14:08:00,6554393290976588561,2756
2021-02-15 13:54:00,8650674892838146900,1195
2021-02-15 13:52:00,-7858496473354546337,2648
2021-02-15 13:41:00,-2472323467783849767,1245
2021-02-15 13:37:00,1584930733269794688,2345
2021-02-15 12:53:00,-6341937979857394999,4040
2021-02-15 12:47:00,-1435359094556559193,2791
2021-02-15 12:32:00,-413116244806167680,3035
2021-02-15 12:26:00,-7884020852136266695,150
2021-02-15 12:20:00,-5071650578540910146,4250
2021-02-15 12:20:00,-1062898901905748384,1557
2021-02-15 12:16:00,2103752874898442703,4274
2021-02-15 11:56:00,-316755819128505639,3084
2021-02-15 11:48:00,-5205894847724387701,1375
2021-02-15 11:05:00,4006092801461861694,2750
2021-02-14 20:39:00,-1526668574148633193,2966
2021-02-14 20:01:00,7296286365130530424,975
2021-02-14 19:33:00,6527101446807235050,300
2021-02-14 19:32:00,6527101446807235050,4637
2021-02-14 18:42:00,-4925478385151670453,3062
2021-02-14 18:33:00,4811189684296444791,2918
2021-02-14 18:24:00,5712616227511751855,3641
2021-02-14 18:21:00,-4159650562444866843,2910
2021-02-14 18:15:00,4943233427737160069,2873
2021-02-14 18:05:00,8180891147530392049,1195
2021-02-14 18:00:00,1686428732144711291,5554
2021-02-14 17:46:00,-380538478408779808,6636
2021-02-14 17:40:00,-6687524940794851496,2733
2021-02-14 17:30:00,1909028782876614616,2890
2021-02-14 16:21:00,7835414143323871204,2890
2021-02-14 16:19:00,2601356187367990007,5229
2021-02-14 16:05:00,-7465150567471036317,2960
2021-02-14 16:00:00,-8544636110190245379,2540
2021-02-14 16:00:00,-8109098726360153812,3635
2021-02-14 15:52:00,8481825673599427673,1498
2021-02-14 15:51:00,-6438120809235100687,1990
2021-02-14 15:51:00,-4051658380163599436,3910
2021-02-14 15:23:00,-3771234067309667068,1245
2021-02-14 14:50:00,-3963147892497209247,1395
2021-02-14 14:42:00,-7723584834572404343,1235
2021-02-14 14:37:00,-2472323467783849767,1245
2021-02-14 14:20:00,6338729814222834255,1648
2021-02-14 14:05:00,-5608511318086394659,4727
2021-02-14 14:01:00,-4792478297392756567,3346
2021-02-14 13:55:00,4086364092664509794,925
2021-02-14 13:33:00,3380723260067655261,2705
2021-02-14 13:12:00,-2433188019790259724,1970
2021-02-14 12:40:00,4620149505058643492,5881
2021-02-14 12:20:00,62692034413849076,4581
2021-02-14 11:53:00,-3842511449256979653,1550
2021-02-14 11:51:00,8685397475209244460,2190
2021-02-14 11:51:00,-7031321612121497714,4238
2021-02-14 11:47:00,-3503117452497852086,2447
2021-02-14 11:48:00,2616013241269244832,8285
2021-02-14 11:37:00,548177505749037303,3375
2021-02-14 11:04:00,1458992640314632637,1381
2021-02-14 11:01:00,2422506543107123652,4231
2021-02-14 11:03:00,-3842511449256979653,2756
2021-02-14 08:33:00,1686428732144711291,3675
2021-02-14 08:29:00,1497881456964858382,1750
2021-02-13 21:17:00,-1702440011222741491,2793
2021-02-13 20:13:00,-5303423446684027832,3282
2021-02-13 20:07:00,1393013249462624206,1381
2021-02-13 20:05:00,8313364928792395848,1235
2021-02-13 20:04:00,1531670491787682120,2898
2021-02-13 20:06:00,-6613128022432498534,1673
2021-02-13 20:02:00,8313364928792395848,3240
2021-02-13 19:50:00,-4982986784722792379,2090
2021-02-13 19:29:00,3032491992643653984,7646
2021-02-13 19:19:00,-1330852214802938850,5402
2021-02-13 19:16:00,3275171812919377713,4781
2021-02-13 19:09:00,4908197813788261123,4254
2021-02-13 18:55:00,7162550848355221348,2796
2021-02-13 18:26:00,-8871124507850580711,1145
2021-02-13 18:22:00,54321823870339022,5268
2021-02-13 18:03:00,4838782733145059368,4372
2021-02-13 17:45:00,3918122987499665650,4842
2021-02-13 17:35:00,9066509201030405404,4135
2021-02-13 17:13:00,4768774472188109158,2997
2021-02-13 16:09:00,-7667353032773504544,2700
2021-02-13 15:50:00,412922644113741697,2740
2021-02-13 15:32:00,-2501203734407606201,3012
2021-02-13 15:26:00,6338729814222834255,2447
2021-02-13 15:26:00,4788992686190940810,11464
2021-02-13 14:59:00,-2568783054624144835,2925
2021-02-13 14:57:00,-3258576722230742813,4388
2021-02-13 14:32:00,-7099432989591697582,3781
2021-02-13 14:25:00,-3967803903080016633,3250
2021-02-13 14:22:00,8296032235059132557,3560
2021-02-13 14:15:00,7948809977460351514,2095
2021-02-13 14:11:00,4847813659865742067,1235
2021-02-13 14:13:00,1908628495320897990,4335
2021-02-13 13:53:00,1326958010361688501,4003
2021-02-13 13:50:00,-6853766632011777615,2757
2021-02-13 13:51:00,2071514837520207792,1645
2021-02-13 13:42:00,-8016247879460191364,1400
2021-02-13 13:40:00,1497881456964858382,2690
2021-02-13 13:38:00,-8100231963269092864,1235
2021-02-13 13:31:00,4425967066415694468,2570
2021-02-13 13:00:00,7833751968646255009,2937
2021-02-13 13:01:00,8215531198669424256,7141
2021-02-13 12:54:00,-4811118612234650821,6694
2021-02-13 12:47:00,3848710597532510319,5315
2021-02-13 12:39:00,4426573831885454479,1856
2021-02-13 12:39:00,6793501458000513224,1556
2021-02-13 12:37:00,2853927807230452559,2762
2021-02-13 12:35:00,2885622781144900459,1195
2021-02-13 12:35:00,-4031116310430005269,4035
2021-02-13 12:27:00,-2001729383018570714,1374
2021-02-13 12:21:00,7316317562748344729,1352
2021-02-13 12:12:00,-6358017684372377470,2880
2021-02-13 11:54:00,1623497378950568040,1644
2021-02-13 11:44:00,-8195858683908543357,4960
2021-02-13 11:33:00,-7073370482527864343,3285
2021-02-13 11:14:00,-2979049558386386911,4406
2021-02-13 08:48:00,-5574688185384546536,2200
2021-01-31 20:41:00,1169937999589024517,1410
2021-01-31 18:11:00,-9135541932270606209,1395
2021-01-31 17:55:00,4916379837857202527,1295
2021-01-31 17:37:00,7003603582839705652,3775
2021-01-31 17:34:00,8193677133583967888,1095
2021-01-31 17:32:00,-4641730227364074020,1350
2021-01-31 17:26:00,-4641730227364074020,9861
2021-01-31 17:03:00,7273714659309969205,4637
2021-01-31 16:46:00,723789914748924455,2795
2021-01-31 16:17:00,-2608360785514272292,3775
2021-01-31 15:05:00,2601356187367990007,4922
2021-01-31 14:22:00,-5803544892567490655,2791
2021-01-31 14:10:00,3932120119351875856,2240
2021-01-31 13:58:00,-8424507259512943902,2470
2021-01-31 13:54:00,-2844436737584451830,3927
2021-01-31 13:47:00,5242003090285671763,1495
2021-01-31 13:41:00,-1751888119814837540,2372
2021-01-31 13:36:00,-651369549709599179,2973
2021-01-31 13:32:00,8960729331836812095,4349
2021-01-31 13:28:00,3440658358670156091,2440
2021-01-31 13:23:00,-6624261762174615048,2190
2021-01-31 13:11:00,-6570967192528019526,2050
2021-01-31 13:06:00,-1998230932248079508,3791
2021-01-31 13:02:00,6435813704179414082,3123
2021-01-31 12:57:00,5539553337974518349,1145
2021-01-31 12:54:00,-2443320019295716738,2995
2021-01-31 12:50:00,-2505106654334061391,4091
2021-01-31 12:43:00,-6747347745176988120,2490
2021-01-31 12:36:00,7670080172333544530,7454
2021-01-31 12:27:00,-8544417873614996732,4056
2021-01-31 12:25:00,-5611859108521066503,2490
2021-01-31 12:24:00,-5611859108521066503,4260
2021-01-31 12:23:00,-4582668122235541845,2625
2021-01-31 12:18:00,-6131763771319655291,2447
2021-01-31 12:16:00,1536360734826129957,2587
2021-01-31 12:13:00,1048125294283013184,875
2021-01-31 12:02:00,144761550989488092,1381
2021-01-31 11:52:00,-654612176287764,3806
2021-01-31 11:49:00,2443336531936449797,850
2021-01-31 11:26:00,-9064025640987248775,4466
2021-01-30 21:21:00,4829879781036683812,1731
2021-01-30 21:19:00,-6223744624559763605,2750
2021-01-30 20:01:00,6095448557998466105,2240
2021-01-30 19:34:00,6733187460891375103,3962
2021-01-30 18:33:00,-6332082708339083877,2762
2021-01-30 18:23:00,1016726435994914697,2590
2021-01-30 18:02:00,-8333412268257995734,2990
2021-01-30 17:48:00,8372497462309956730,4604
2021-01-30 17:24:00,8593196892338612101,2850
2021-01-30 16:43:00,1227842901477957427,4995
2021-01-30 16:12:00,2904851239314245255,1295
2021-01-30 16:10:00,-745094001695867321,2733
2021-01-30 16:07:00,-877861360698963159,1395
2021-01-30 16:04:00,-7667353032773504544,1350
2021-01-30 14:22:00,2324655670378757872,3223
2021-01-30 13:53:00,-2925800508289771533,1381
2021-01-30 13:46:00,-8120283367722498865,2190
2021-01-30 13:37:00,-4904322477349311341,4750
2021-01-30 13:18:00,2902739461785888556,6689
2021-01-30 13:04:00,-829643700273386163,7372
2021-01-30 12:40:00,-1981903639139410830,5109
2021-01-30 12:30:00,-5378051899241206718,2762
2021-01-30 12:26:00,-8021917143690403744,5348
2021-01-30 11:34:00,1499739809064533888,1095
2021-01-30 11:09:00,-195641198274050130,2937
2021-01-29 20:25:00,-1828951785154625934,1375
2021-01-29 20:18:00,816370670705012886,1495
2021-01-29 18:56:00,-9135541932270606209,1395
2021-01-29 18:54:00,1804626855015472374,2145
2021-01-29 18:52:00,7061887511471713471,2610
2021-01-29 18:39:00,-1580544366520345554,2590
2021-01-29 18:14:00,1768311129330755066,3120
2021-01-29 18:04:00,-9150175299243922511,4056
2021-01-29 18:02:00,6067991001508402828,1695
2021-01-29 17:32:00,4302531279153542679,3322
2021-01-29 17:21:00,-2525410957630258554,5730
2021-01-29 12:39:00,-1507602804897419159,4581
2021-01-29 12:23:00,-3387963297460455472,3680
2021-01-29 12:08:00,-3701177899535562014,2800
2021-01-28 19:28:00,-7331030259547385497,3260
2021-01-28 18:40:00,-1604754475555947371,3081
2021-01-28 18:10:00,4874859398356508872,7480
2021-01-28 13:02:00,5268037614044199192,1845
2021-01-28 12:14:00,-6622700913599289950,225
2021-01-28 11:46:00,-3971226965921400113,3195
2021-01-27 18:38:00,-6594386818803952340,4375
2021-01-27 17:33:00,7003603582839705652,3425
2021-01-27 17:02:00,3108846855754423865,2600
2021-01-27 16:07:00,-4804713943609155252,4968
2021-01-27 13:05:00,-3268828311828203400,875
2021-01-27 12:59:00,7118403257434618816,3054
2021-01-27 12:46:00,-3387963297460455472,3185
2021-01-27 12:03:00,2278043933830161080,1250
2021-01-27 11:32:00,-6065310421298117581,2190
2021-01-27 11:28:00,-693204524610648875,1095
2021-01-27 11:24:00,6518942068767163238,1225
2021-01-27 11:22:00,3750253819249338451,2762
2021-01-26 17:39:00,-2310737572547968330,1095
2021-01-26 16:55:00,5089133255412803979,4035
2021-01-26 16:19:00,-4783782383293590412,1498
2021-01-26 16:16:00,-2050353507501167852,1575
2021-01-26 16:11:00,8200737166668042908,4940
2021-01-26 13:12:00,8575989148724382303,1550
2021-01-26 12:54:00,699629488441379086,1352
2021-01-26 12:14:00,-3798089593522234356,2700
2021-01-26 12:02:00,-4253865844815046095,1145
2021-01-26 11:16:00,-7139972312581451292,1145
2021-01-24 18:35:00,-7667353032773504544,2700
2021-01-24 16:30:00,3378390661079875949,2293
2021-01-24 12:49:00,8283515592692060107,6812
2021-01-24 12:26:00,-8219960970169182539,4667
2021-01-24 12:13:00,-9061633056300417252,3056
2021-01-23 18:45:00,-7685556930793669205,4258
2021-01-23 18:40:00,-2779483450459828902,5850
2021-01-23 17:39:00,8193677133583967888,559
2021-01-23 17:37:00,3108846855754423865,1725
2021-01-23 16:05:00,-2266543536256159275,50
2021-03-12 20:56:00,2666621583928073247,3090
2021-03-12 20:38:00,757229173374141967,2671
2021-03-12 20:22:00,-4600347837716022634,1221
2021-03-12 20:21:00,277061981754541299,1745
2021-03-12 19:37:00,3976087015184068962,3841
2021-03-12 19:16:00,-3573078076622773383,4150
2021-03-12 19:10:00,3835656280691180283,3540
2021-03-12 19:04:00,5855026793020453484,6390
2021-03-12 18:51:00,-6446475831992571079,875
2021-03-12 18:51:00,-4327054775479283487,3470
2021-03-12 18:46:00,4885704148375295013,1645
2021-03-12 18:38:00,4205993436451379520,2150
2021-03-12 18:37:00,-107193079928151347,3666
2021-03-12 18:32:00,2317841096339998199,1359
2021-03-12 18:25:00,7441579835150635646,4000
2021-03-12 18:21:00,-410844056555125163,4240
2021-03-12 18:17:00,7286935404053693278,3840
2021-03-12 18:17:00,9208736380422966904,3890
2021-03-12 18:14:00,1539634301610368165,1095
2021-03-12 18:11:00,8141046337930865162,1375
2021-03-12 18:14:00,-2525410957630258554,5175
2021-03-12 17:41:00,1917814633259395790,1221
2021-03-12 17:35:00,-1396493072400261894,4168
2021-03-12 17:22:00,8525627428417178127,9005
2021-03-12 17:05:00,-512228857975207474,8351
2021-03-12 16:50:00,478034259437987761,2570
2021-03-12 16:47:00,-3090166548074379792,6475
2021-03-12 16:00:00,-5025056098967994733,2540
2021-03-12 15:09:00,2829140726652794085,1350
2021-03-12 15:01:00,1914036569417077425,4160
2021-03-12 14:44:00,4374948364725310520,1095
2021-03-12 14:42:00,7783018257787648834,1475
2021-03-12 14:40:00,-8222273570858029423,2190
2021-03-12 14:24:00,-1399419834427516910,2120
2021-03-12 14:02:00,2576073502199230038,4987
2021-03-12 13:55:00,-2649135387954158352,1246
2021-03-12 13:51:00,-5280860962861258586,1300
2021-03-12 13:50:00,-1011899027782147550,3295
2021-03-12 13:50:00,2028497424486307164,6260
2021-03-12 13:29:00,5641413464430490584,3190
2021-03-12 13:00:00,722967090011734460,2840
2021-03-12 12:55:00,-8344846928209750087,2446
2021-03-12 12:36:00,7775052788265896293,1490
2021-03-12 12:22:00,-7643618503958629652,1990
2021-03-12 12:23:00,-3214778258467450102,1350
2021-03-12 12:21:00,7189211625010312649,1775
2021-03-12 12:20:00,-2764996088691291654,1246
2021-03-12 12:12:00,548177505749037303,2550
2021-03-12 12:07:00,-7676060452375000611,1145
2021-03-12 12:04:00,-8943795787949191610,1095
2021-03-12 12:03:00,-8095100031895871931,2000
2021-03-12 12:08:00,2858646529068868061,7855
2021-03-12 11:07:00,2339570404852264204,2740
2021-03-12 09:13:00,5447425169703664105,1800
2021-03-11 22:15:00,1447609481141985604,3892
2021-03-11 21:49:00,1031956871125971146,2413
2021-03-11 19:54:00,-1240731325551310727,3850
2021-03-11 19:24:00,2929249484089941084,4185
2021-03-11 19:20:00,277061981754541299,3595
2021-03-11 19:08:00,5452564347896623124,4065
2021-03-11 19:02:00,-7162135539902522643,3895
2021-03-11 18:58:00,-8938560617785206773,2600
2021-03-11 18:56:00,-314866173400413719,7849
2021-03-11 18:50:00,4444534139831856950,1350
2021-03-11 18:35:00,6345561182660322238,6395
2021-03-11 18:20:00,-2669433882742708266,3196
2021-03-11 18:10:00,-3923851360479098132,4265
2021-03-11 17:57:00,4768774472188109158,4165
2021-03-11 17:45:00,3023445247943788080,6310
2021-03-11 17:39:00,-7512579916641728511,3825
2021-03-11 17:28:00,-4168379102456158669,1075
2021-03-11 17:24:00,6817477549539290782,3825
2021-03-11 16:42:00,2612170893888267374,3135
2021-03-11 16:40:00,-4490988867870620319,3470
2021-03-11 16:29:00,6181646864340353378,3490
2021-03-11 16:07:00,-1426172643936866602,1438
2021-03-11 16:00:00,9079115634950291680,3300
2021-03-11 15:57:00,-9063133948033792784,4299
2021-03-11 15:53:00,-4546058308516617990,2090
2021-03-11 15:44:00,-5443304135079628528,1396
2021-03-11 15:37:00,6793501458000513224,3067
2021-03-11 15:21:00,1728561342153789797,4091
2021-03-11 15:11:00,-5697902492421089916,1800
2021-03-11 14:43:00,-6348717255580876128,3515
2021-03-11 14:35:00,128167652147623950,800
2021-03-11 14:30:00,128167652147623950,2600
2021-03-11 13:59:00,2647063301679109835,1338
2021-03-11 13:20:00,-5112989404053403716,1350
2021-03-11 13:02:00,-730666039971579078,350
2021-03-11 13:00:00,4368582052171237211,1321
2021-03-11 12:55:00,7880225816984076380,1195
2021-03-11 12:53:00,4191419428588194519,1525
2021-03-11 12:49:00,-1805813333555175706,1300
2021-03-11 12:47:00,8525627428417178127,5540
2021-03-11 12:40:00,-422742818041450765,1350
2021-03-11 12:36:00,1386947012332923836,1396
2021-03-11 12:35:00,-2107473960259110158,2190
2021-03-11 12:36:00,8271502901921621819,2775
2021-03-11 12:21:00,-6591034604920117956,2190
2021-03-11 12:02:00,-1564828516525950083,3400
2021-03-11 11:40:00,-3240432214271422169,3971
2021-03-11 11:27:00,7610957272374574556,4840
2021-03-11 11:26:00,-5624947898837268620,3450
2021-03-11 11:10:00,-1236846361725594680,3820
2021-03-11 11:08:00,5207336396931564905,3650
2021-03-11 11:04:00,2928542439630312936,1345
2021-03-11 10:40:00,5207336396931564905,925
2021-03-11 10:38:00,-2806469383947655261,1650
2021-03-10 19:40:00,969912216170820620,800
2021-03-10 18:51:00,-4798118321527511192,3196
2021-03-10 18:42:00,-4056510687771112661,3695
2021-03-10 18:36:00,3586709275970599489,3790
2021-03-10 18:04:00,8576217222004696991,3020
2021-03-10 18:03:00,9150005398601520082,3640
2021-03-10 17:48:00,2503221602711309683,800
2021-03-10 17:47:00,681903720157491495,4917
2021-03-10 17:47:00,-8068035329541134070,4175
2021-03-10 17:17:00,4078475143363856329,2000
2021-03-10 17:13:00,5305727114597388042,1350
2021-03-10 17:00:00,-8628816187341290162,2746
2021-03-10 15:13:00,8797045185936246562,1095
2021-03-10 14:15:00,-2001729383018570714,2250
2021-03-10 14:13:00,8150518848830863046,1095
2021-03-10 14:12:00,3690472088494544100,1095
2021-03-10 14:11:00,-5856358940544487240,1095
2021-03-10 14:08:00,4062794635320291450,1095
2021-03-10 14:01:00,-6684831428647960028,1095
2021-03-10 13:37:00,1752393930588837815,1195
2021-03-10 13:36:00,-6946642942035666804,1496
2021-03-10 13:15:00,-971477649208459721,1250
2021-03-10 13:11:00,-4357060743619175877,2490
2021-03-10 13:06:00,2339570404852264204,1250
2021-03-10 13:08:00,6330255040728832942,2300
2021-03-10 13:00:00,8571890879489386096,1095
2021-03-10 12:58:00,5833447399841152562,2270
2021-03-10 12:57:00,-4252775967309586916,2350
2021-03-10 12:48:00,918664309763952340,4090
2021-03-10 12:33:00,-5869241726895498432,475
2021-03-10 12:35:00,728861053972295601,3800
2021-03-10 12:23:00,3062028757584056489,3645
2021-03-10 12:18:00,7110521501875635896,3275
2021-03-10 12:17:00,5447425169703664105,1150
2021-03-10 12:15:00,6220801610886054784,2038
2021-03-10 12:11:00,-8872043782720474240,3617
2021-03-10 12:12:00,-6580879780618365825,3645
2021-03-10 12:06:00,-2764996088691291654,1100
2021-03-10 12:06:00,7189211625010312649,1246
2021-03-10 12:04:00,-7643618503958629652,1425
2021-03-10 12:04:00,-3214778258467450102,1995
2021-03-10 12:02:00,-1707879896159129820,1246
2021-03-10 11:52:00,3145380442529598852,3695
2021-03-10 11:37:00,-1423782832034222136,2525
2021-03-10 11:30:00,-49215372880097209,1600
2021-03-10 11:27:00,-1268835439347874112,1350
2021-03-10 11:30:00,4519262135412055897,5125
2021-03-10 11:25:00,-8994688237795131124,3880
2021-03-10 11:23:00,7886139043810494031,1100
2021-03-10 11:23:00,-49215372880097209,4071
2021-03-10 11:20:00,-4739913066935516842,1100
2021-03-10 11:21:00,-7568911878791553655,2740
2021-03-10 11:15:00,4211917284388278831,2340
2021-03-10 08:39:00,-5776140036930453351,3725
2021-03-09 19:44:00,-1274772025807931656,3623
2021-03-09 19:38:00,4669642240788060522,1075
2021-03-09 19:36:00,-2146294185736805627,1250
2021-03-09 19:13:00,-5660957449731925064,3370
2021-03-09 19:02:00,-8195858683908543357,3250
2021-03-09 18:57:00,-3798089593522234356,3590
2021-03-09 18:47:00,-321598006608458735,2846
2021-03-09 18:24:00,1263390007393626917,2400
2021-03-09 18:18:00,-4745465144932409254,900
2021-03-09 18:17:00,-4745465144932409254,3735
2021-03-09 18:06:00,8220289887695081811,2290
2021-03-09 17:48:00,7291191026677448754,2270
2021-03-09 17:28:00,-4352284551510808360,2900
2021-03-09 17:29:00,-4711991844386941197,9226
2021-03-09 17:00:00,-3578502668640790546,2590
2021-03-09 16:54:00,-777617454935348192,3825
2021-03-09 16:27:00,7775052788265896293,6600
2021-03-09 16:28:00,3178133011498985184,2275
2021-03-09 16:06:00,6512311953475080020,6435
2021-03-09 15:39:00,5631299528975220455,1495
2021-03-09 14:08:00,-1021726391323853987,2730
2021-03-09 13:51:00,-3168620419990234072,1350
2021-03-09 13:49:00,-4938834081777267494,3171
2021-03-09 13:19:00,4967864414500812829,4500
2021-03-09 12:59:00,-3573078076622773383,800
2021-03-09 12:51:00,4586877979174907996,300
2021-03-09 12:49:00,4586877979174907996,2525
2021-03-09 12:50:00,-3573078076622773383,1345
2021-03-09 12:40:00,1133102192423926875,1250
2021-03-09 12:17:00,342197950445692670,3050
2021-03-09 12:18:00,-5518065733880569741,4380
2021-03-09 12:16:00,6591257916637169545,2425
2021-03-09 12:03:00,-6529873838922015494,1900
2021-03-09 11:47:00,209054977208918234,1400
2021-03-09 11:44:00,-2200161703992950473,2600
2021-03-09 11:42:00,8372497462309956730,1500
2021-03-09 11:18:00,-4624364528407060849,2600
2021-03-09 11:04:00,7251119419920777539,2350
2021-03-09 11:02:00,-5873800417148153409,3625
2021-03-09 11:00:00,1025410852494246685,800
2021-03-09 11:01:00,7251119419920777539,0
2021-03-08 20:43:00,-3885102235189893959,2250
2021-03-08 20:11:00,-8096386827503519948,800
2021-03-08 19:55:00,3380723260067655261,3021
2021-03-08 19:10:00,-681980620636817254,1350
2021-03-08 18:46:00,-4982986784722792379,2250
2021-03-08 17:40:00,8152554723791793022,700
2021-03-08 16:49:00,8141046337930865162,1445
2021-03-08 16:40:00,-4517537361128928726,6466
2021-03-08 15:40:00,5511719198173125455,3590
2021-03-08 15:06:00,-6825233844270470824,4938
2021-03-08 15:01:00,8215531198669424256,1300
2021-03-08 14:25:00,6678201204233020883,1600
2021-03-08 14:20:00,-5200410164246364847,2470
2021-03-08 14:17:00,-624735226626099852,2864
2021-03-08 13:24:00,972345071553883157,5265
2021-03-08 13:02:00,-8641644933886326895,1525
2021-03-08 12:56:00,1739989199293943627,1163
2021-03-08 12:45:00,7189211625010312649,1375
2021-03-08 12:42:00,3306591718658923845,3913
2021-03-08 12:42:00,-5443304135079628528,3046
2021-03-08 12:38:00,-6427534794903381256,1495
2021-03-08 12:36:00,-1582908890045302186,7403
2021-03-08 12:30:00,7639346281253521445,1075
2021-03-08 12:29:00,-1094626456872992975,850
2021-03-08 12:24:00,-3214778258467450102,2045
2021-03-08 12:22:00,-7643618503958629652,1195
2021-03-08 12:21:00,6867215927390293161,1295
2021-03-08 12:21:00,-2764996088691291654,1246
2021-03-08 12:05:00,-5375304069787186636,1075
2021-03-08 11:44:00,-6853923371787191510,1395
2021-03-08 11:38:00,-2001729383018570714,1100
2021-03-08 11:33:00,-5498839705906832213,5284
2021-03-08 11:22:00,-7676060452375000611,1200
2021-03-08 09:24:00,-6717286864262714250,1150
2021-03-07 20:05:00,6882716051449734661,2875
2021-03-07 19:42:00,-4517537361128928726,4840
2021-03-07 19:20:00,5295357105509588558,3870
2021-03-07 19:04:00,4557631610863164175,1396
2021-03-07 18:55:00,-7209938978694804386,1675
2021-03-07 18:49:00,-9189494013807213137,2450
2021-03-07 18:37:00,-6365062442869199334,225
2021-03-07 18:35:00,576569028906994526,1195
2021-03-07 18:34:00,576569028906994526,1075
2021-03-07 18:11:00,549615659391740175,4015
2021-03-07 18:13:00,-8727273879668090389,3166
2021-03-07 18:01:00,-7357680365247048316,425
2021-03-07 17:59:00,-7357680365247048316,1350
2021-03-07 18:00:00,-6495732451408496233,1338
2021-03-07 17:47:00,-1320511244028935419,3895
2021-03-07 17:25:00,-1957326494986467437,3717
2021-03-07 17:19:00,9125025246604216691,6690
2021-03-07 16:51:00,3918122987499665650,4221
2021-03-07 16:48:00,5258133479913647778,4750
2021-03-07 16:33:00,2103752874898442703,4496
2021-03-07 16:25:00,4372166755889744499,1721
2021-03-07 16:08:00,6289953788333458471,3525
2021-03-07 15:33:00,2199217797851154289,1425
2021-03-07 15:13:00,8404346059464681403,3325
2021-03-07 14:50:00,6422967584948673407,1395
2021-03-07 14:43:00,-9189345108294282064,5284
2021-03-07 14:29:00,-3971226965921400113,2400
2021-03-07 13:51:00,-659416199589128268,2025
2021-03-07 13:47:00,6637567165807448239,2496
2021-03-07 13:36:00,-4087648677043345985,4895
2021-03-07 13:12:00,8352497441235759941,3985
2021-03-07 13:03:00,-4678174870032109258,4440
2021-03-07 12:56:00,4301999097474465248,3415
2021-03-07 12:54:00,-1008503252703063409,2797
2021-03-07 12:52:00,-5633039023523631921,600
2021-03-07 12:39:00,3479227191736013839,1225
2021-03-07 12:37:00,4029688057552495724,4250
2021-03-07 12:32:00,-5573897446881388007,1551
2021-03-07 12:15:00,5973533221535448110,2550
2021-03-07 12:14:00,1835071269646102121,2416
2021-03-07 12:10:00,-4955881211182412953,4716
2021-03-07 12:09:00,-4667528891502786797,4256
2021-03-07 12:06:00,4477611784519986301,4085
2021-03-07 11:46:00,-2001729383018570714,1850
2021-03-07 11:37:00,548177505749037303,2570
2021-03-07 11:26:00,7149055694608441635,3921
2021-03-07 11:08:00,-3495253817625332931,3592
2021-03-07 11:07:00,2832908969400692613,4241
2021-03-07 11:01:00,-3895531109699959498,1850
2021-03-07 09:57:00,7184569764231817569,200
2021-03-07 09:49:00,3471876586026939029,350
2021-03-07 08:36:00,-1662603205238087440,2150
2021-03-07 08:31:00,-1662603205238087440,1200
2021-03-06 20:04:00,-7164132452200987379,1075
2021-03-06 19:57:00,-3087431290859330008,3800
2021-03-06 19:23:00,-76292196404005309,1300
2021-03-06 19:23:00,-9137393404240896794,3495
2021-03-06 19:11:00,-7251291706823397829,4040
2021-03-06 18:42:00,-877861360698963159,1445
2021-03-06 18:28:00,-924347533653296855,3210
2021-03-06 18:18:00,6404323900280321741,3295
2021-03-06 18:11:00,-971477649208459721,800
2021-03-06 18:03:00,905678351627976064,2471
2021-03-06 17:55:00,-8172564537766871403,2775
2021-03-06 17:53:00,-5181964222389014979,1095
2021-03-06 17:50:00,448305687357447527,4170
2021-03-06 17:25:00,5833447399841152562,4620
2021-03-06 17:22:00,1417584536417029951,6111
2021-03-06 17:18:00,-7446962076328947336,4845
2021-03-06 16:51:00,-6957172539955221891,3370
2021-03-06 16:34:00,8624847720252685839,2476
2021-03-06 16:10:00,1623497378950568040,3525
2021-03-06 16:06:00,-1396493072400261894,3747
2021-03-06 15:46:00,-728032857406929210,2990
2021-03-06 15:33:00,4546139738480843068,2496
2021-03-06 15:31:00,-5415061772011891165,2870
2021-03-06 15:24:00,-2596435046006117550,700
2021-03-06 15:08:00,-3551704361245989342,2992
2021-03-06 15:03:00,-2395661331710529431,1350
2021-03-06 15:03:00,4218974515211737895,3500
2021-03-06 15:00:00,4956976733712386578,1438
2021-03-06 14:57:00,-5506453897797610894,3516
2021-03-06 14:54:00,-2395661331710529431,4292
2021-03-06 14:50:00,-8907342013069116020,2571
2021-03-06 14:40:00,233171311305472252,800
2021-03-06 14:11:00,5643623761543875224,2316
2021-03-06 14:07:00,-9134582277046685952,1445
2021-03-06 14:00:00,832450380411581181,1375
2021-03-06 13:44:00,-5017041050586498075,1200
2021-03-06 13:43:00,-5017041050586498075,1350
2021-03-06 13:21:00,2271211742232497347,5240
2021-03-06 13:03:00,-3480028580081822598,1095
2021-03-06 13:02:00,-3350437105568193006,2008
2021-03-06 12:55:00,1510511437684285014,2190
2021-03-06 12:53:00,7674575566895906915,1745
2021-03-06 12:49:00,8431309871169004135,3860
2021-03-06 12:40:00,-7132086278006743986,4005
2021-03-06 12:33:00,4426922875366925857,6995
2021-03-06 12:15:00,2474870611606919561,4025
2021-03-06 12:00:00,6181988971614904211,1275
2021-03-06 11:58:00,1873001153931781068,2596
2021-03-06 11:55:00,-4246453895813694420,1175
2021-03-06 11:54:00,8911093672360874595,1350
2021-03-06 11:45:00,-4738066972057496327,3291
2021-03-06 11:40:00,6793501458000513224,2892
2021-03-06 11:06:00,2503221602711309683,1600
2021-03-06 09:56:00,-1463867916472449961,2925
2021-03-05 20:08:00,8789916318191574284,1750
2021-03-05 20:06:00,8789916318191574284,6334
2021-03-05 19:47:00,2283251064764079373,1350
2021-03-05 19:29:00,-1178875922699026029,1321
2021-03-05 19:17:00,6303291768340542403,5000
2021-03-05 19:00:00,-4214601012117167904,3525
2021-03-05 18:23:00,2779766251003650407,2440
2021-03-05 18:19:00,-3315376368101994695,1350
2021-03-05 18:16:00,-6332082708339083877,4185
2021-03-05 18:09:00,6501323288200433115,9296
2021-03-05 18:02:00,6095448557998466105,2240
2021-03-05 18:01:00,-1187034828521641308,9970
2021-03-05 17:43:00,4368582052171237211,1321
2021-03-05 17:41:00,5522162519831716434,1075
2021-03-05 17:40:00,-4576541221303134154,2690
2021-03-05 17:37:00,2576073502199230038,3842
2021-03-05 17:33:00,-4372237948667923102,3225
2021-03-05 17:18:00,-3441475491890023925,4825
2021-03-05 16:56:00,3462583664502006412,5945
2021-03-05 16:25:00,7419481014597207328,9710
2021-03-05 16:18:00,-9063133948033792784,4540
2021-03-05 15:38:00,-455198954226556135,2350
2021-03-05 15:17:00,-4436892979515792887,2321
2021-03-05 15:02:00,4218974515211737895,1395
2021-03-05 14:49:00,5050325944185950212,1338
2021-03-05 14:24:00,7818197452986835563,4388
2021-03-05 13:34:00,1989510014633988638,350
2021-03-05 13:26:00,-2001729383018570714,1650
2021-03-05 13:24:00,3412914388106428145,1645
2021-03-05 13:22:00,1133102192423926875,1650
2021-03-05 13:21:00,-1119001754170147307,4666
2021-03-05 13:17:00,-2460235923406588602,2350
2021-03-05 13:15:00,-3800621525528210837,1396
2021-03-05 13:09:00,-8249630010946528978,2725
2021-03-05 13:05:00,-2566960565581451718,1395
2021-03-05 13:04:00,-6514131562576871647,1095
2021-03-05 13:01:00,-2074607991453419343,1095
2021-03-05 12:59:00,4659223626061104476,2366
2021-03-05 12:39:00,-8095100031895871931,1500
2021-03-05 12:37:00,-3480028580081822598,1250
2021-03-05 12:35:00,-2662337666597174224,1100
2021-03-05 12:33:00,-5994532351045881232,2321
2021-03-05 12:22:00,-2443320019295716738,1221
2021-03-05 12:21:00,2278043933830161080,1175
2021-03-05 12:18:00,8982724762560278029,1621
2021-03-05 12:08:00,-7768895123013379328,2350
2021-03-05 12:01:00,-380538478408779808,2690
2021-03-05 11:59:00,-3952669583002520100,2790
2021-03-05 11:44:00,-859994281599215415,2950
2021-03-05 11:37:00,-4363288545838529328,1900
2021-03-05 11:04:00,6407680925781462449,2745
2021-03-05 10:45:00,-7520028403435598462,1300
2021-03-05 09:23:00,445985420206100327,450
2021-03-05 09:22:00,-8732657536349360941,800
2021-03-05 08:52:00,8431309871169004135,2325
2021-03-04 21:10:00,3542059216718172884,3970
2021-03-04 20:15:00,5715656778683364214,4411
2021-03-04 19:21:00,-4025566327995956786,4039
2021-03-04 19:07:00,-7650290132896161432,2225
2021-03-04 18:56:00,7527528073108452469,1095
2021-03-04 18:53:00,1230576079041265263,1496
2021-03-04 18:48:00,8352497441235759941,2440
2021-03-04 18:35:00,4709491370984951610,3090
2021-03-04 18:29:00,-4582668122235541845,3190
2021-03-04 18:25:00,-3660247136910109670,4866
2021-03-04 17:48:00,342197950445692670,1500
2021-03-04 17:46:00,6591257916637169545,2325
2021-03-04 17:26:00,-3090166548074379792,2775
2021-03-04 17:02:00,9190805086163737041,2190
2021-03-04 16:47:00,48708505707287091,3885
2021-03-04 16:35:00,1295179249320790077,3516
2021-03-04 15:18:00,7129424329260493312,4350
2021-03-04 13:39:00,-5562150427318333043,1700
2021-03-04 13:35:00,-5562150427318333043,1250
2021-03-04 12:55:00,-624735226626099852,2900
2021-03-04 12:40:00,-2135842962713945655,300
2021-03-04 12:38:00,3427628303861616686,2270
2021-03-04 12:35:00,8512728552599329508,1250
2021-03-04 12:34:00,-4700116745888327256,2675
2021-03-04 12:22:00,-8131406707771930719,2000
2021-03-04 12:12:00,-1226756469418088570,2516
2021-03-04 11:57:00,-2865696828377177247,2350
2021-03-04 11:32:00,-2001729383018570714,1495
2021-03-04 10:43:00,3034554073187439079,2900
2021-03-04 09:16:00,2937966352241291776,725
2021-03-03 20:35:00,-163297498263596657,3042
2021-03-03 19:06:00,-2146294185736805627,1250
2021-03-03 18:39:00,-4982986784722792379,1750
2021-03-03 18:34:00,4415183021204202813,4984
2021-03-03 18:15:00,-3490886578947915464,6067
2021-03-03 18:00:00,59040429094153151,1095
2021-03-03 18:02:00,8569169833824020901,6000
2021-03-03 17:41:00,-9061633056300417252,2675
2021-03-03 17:32:00,-3143723269476263605,2450
2021-03-03 17:21:00,3932120119351875856,4528
2021-03-03 17:20:00,5867039829733384844,3275
2021-03-03 17:17:00,6653934094492169851,3970
2021-03-03 17:05:00,-6861334672695691596,5421
2021-03-03 16:49:00,5305727114597388042,1350
2021-03-03 16:49:00,8415703274088567309,6475
2021-03-03 16:39:00,-219766858361741416,2050
2021-03-03 16:24:00,-6195831548460868521,1200
2021-03-03 15:23:00,9079115634950291680,1621
2021-03-03 15:10:00,-1786929798731499628,4300
2021-03-03 14:34:00,-4678174870032109258,5400
2021-03-03 14:14:00,-1450415367201005599,3142
2021-03-03 14:14:00,-4233847885367138865,2615
2021-03-03 13:45:00,-3249585330339469265,1400
2021-03-03 13:32:00,6524805501394412428,1339
2021-03-03 13:23:00,9007609563638580671,3000
2021-03-03 13:02:00,3575575763629481859,1295
2021-03-03 12:47:00,1230576079041265263,1200
2021-03-03 12:34:00,-1307029538397873016,1175
2021-03-03 12:22:00,4218974515211737895,3045
2021-03-03 12:26:00,-8209741060382872761,5741
2021-03-03 12:16:00,-1116681477600016237,1095
2021-03-03 12:07:00,2070256030491176888,1095
2021-03-03 12:06:00,1211727717495483521,1245
2021-03-03 11:59:00,7395836902138099983,2250
2021-03-03 11:59:00,1133102192423926875,3250
2021-03-03 11:54:00,3380723260067655261,5240
2021-03-03 11:44:00,-7676060452375000611,1195
2021-03-03 11:31:00,-5279670680797229577,2600
2021-03-03 11:16:00,-1536986493138094997,2650
2021-03-02 20:31:00,2322186084362496506,1145
2021-03-02 19:19:00,6708929137870532804,3275
2021-03-02 19:09:00,438072302495476648,2396
2021-03-02 19:06:00,-6797013789273652343,4466
2021-03-02 18:48:00,-943486344318001559,1295
2021-03-02 18:32:00,-5327538617992581933,7536
2021-03-02 17:52:00,1529099388737417943,3070
2021-03-02 17:42:00,-4836507192131730642,2450
2021-03-02 17:42:00,-6663282403145226749,3445
2021-03-02 17:33:00,-777617454935348192,4285
2021-03-02 17:12:00,7775052788265896293,7395
2021-03-02 16:46:00,5305727114597388042,1350
2021-03-02 15:53:00,-2278585710203455940,3620
2021-03-02 15:40:00,9201001118993154558,4196
2021-03-02 14:05:00,7139129793868392495,2040
2021-03-02 13:44:00,-3800621525528210837,1321
2021-03-02 13:37:00,4426103055280659879,1295
2021-03-02 13:16:00,-1432024783151918873,1345
2021-03-02 13:04:00,-6320411677205519509,2400
2021-03-02 12:53:00,1230576079041265263,1595
2021-03-02 12:28:00,4016643587573587651,1250
2021-03-02 12:21:00,3920739656227334845,2396
2021-03-02 12:22:00,1155659979292423822,1295
2021-03-02 12:12:00,-5279670680797229577,1395
2021-03-02 12:09:00,5709529913580320562,2121
2021-03-02 12:07:00,-2001729383018570714,2250
2021-03-02 11:59:00,-7446789703369113591,2396
2021-03-02 10:17:00,7219970371057460948,1650
2021-03-01 20:26:00,6245888777097859850,2420
2021-03-01 20:22:00,4060430338576760634,2995
2021-03-01 19:13:00,6095448557998466105,2240
2021-03-01 19:01:00,-9137393404240896794,500
2021-03-01 19:00:00,-512826438181680092,1621
2021-03-01 19:00:00,5940587066900403999,2734
2021-03-01 18:51:00,-1007540296496806204,3700
2021-03-01 18:53:00,-9137393404240896794,3950
2021-03-01 17:40:00,-7350042378322315905,5575
2021-03-01 17:17:00,972345071553883157,800
2021-03-01 17:15:00,972345071553883157,7713
2021-03-01 16:20:00,5305727114597388042,1300
2021-03-01 16:21:00,-4490988867870620319,4095
2021-03-01 15:34:00,-8258104773982773716,2420
2021-03-01 15:11:00,4218974515211737895,1350
2021-03-01 15:07:00,4218974515211737895,1075
2021-03-01 15:06:00,2894973594360448144,3140
2021-03-01 14:21:00,4519262135412055897,1350
2021-03-01 14:16:00,-413116244806167680,1195
2021-03-01 14:10:00,4727800463184879289,1175
2021-03-01 13:56:00,-5868829335438182450,1950
2021-03-01 13:49:00,-6853923371787191510,2690
2021-03-01 13:44:00,3831795797304453366,5091
2021-03-01 13:39:00,-1512194492073362203,2445
2021-03-01 13:38:00,-1426172643936866602,3322
2021-03-01 13:36:00,-5831988610534777856,2595
2021-03-01 13:28:00,-8819909426153751412,1150
2021-03-01 13:21:00,3575575763629481859,795
2021-03-01 13:15:00,-8398739475372603313,1100
2021-03-01 12:54:00,-2505933535427348506,2300
2021-03-01 12:29:00,-7643618503958629652,1445
2021-03-01 12:27:00,-2764996088691291654,1350
2021-03-01 12:28:00,6867215927390293161,1375
2021-03-01 12:26:00,7189211625010312649,1245
2021-03-01 12:14:00,-6395310981647948919,1195
2021-03-01 12:02:00,3894311356530441241,1750
2021-03-01 11:57:00,9127371576158626815,2350
2021-03-01 11:42:00,548177505749037303,1095
2021-03-01 11:37:00,-8030566885547521879,1175
2021-03-01 11:24:00,5250393355407926070,1246
2021-03-01 11:26:00,-6311658031830216132,2621
2021-03-01 10:54:00,4553256843578694668,500
2021-02-12 21:07:00,-6704492298162134841,2733
2021-02-12 20:42:00,3100246543760547601,4458
2021-02-12 20:27:00,2179711362081841928,2931
2021-02-12 19:32:00,-8605931536107113347,5983
2021-02-12 19:26:00,-1463867916472449961,3200
2021-02-12 19:23:00,-3824827838222222687,2620
2021-02-12 19:00:00,-4582668122235541845,2768
2021-02-12 18:57:00,8988020278973352856,4318
2021-02-12 18:52:00,3529170009692453921,2690
2021-02-12 18:49:00,9102032419622840969,2702
2021-02-12 18:36:00,2809903522538905861,3285
2021-02-12 18:31:00,-7974605402288011847,4814
2021-02-12 18:14:00,-6332082708339083877,2825
2021-02-12 18:01:00,-3250383613048531247,3635
2021-02-12 17:33:00,4546139738480843068,5925
2021-02-12 17:10:00,6527101446807235050,4880
2021-02-12 17:01:00,-1581821853162556047,5160
2021-02-12 16:18:00,8405713628378280403,3345
2021-02-12 16:10:00,5539553337974518349,1095
2021-02-12 16:09:00,-5066664195707771911,1145
2021-02-12 14:14:00,-1231836383771025477,3148
2021-02-12 14:11:00,3913975562985996595,4025
2021-02-12 14:09:00,4885704148375295013,2802
2021-02-12 14:02:00,1646212091602946915,1295
2021-02-12 14:03:00,5746586286411664231,2727
2021-02-12 13:43:00,4497007174084125246,1475
2021-02-12 13:41:00,-1199313637356668851,5580
2021-02-12 13:36:00,1155659979292423822,1295
2021-02-12 13:35:00,1155659979292423822,800
2021-02-12 13:29:00,-8406268248437575687,1150
2021-02-12 13:18:00,-1894956224879586853,1381
2021-02-12 13:18:00,5632885846555679764,4495
2021-02-12 13:02:00,-6210050918491705316,3628
2021-02-12 12:57:00,3988486403277686209,1095
2021-02-12 12:50:00,5995174548117604474,4283
2021-02-12 12:48:00,-6341157665287037411,3962
2021-02-12 12:42:00,3492675539374196172,2690
2021-02-12 12:16:00,-5619174113145655752,4260
2021-02-12 12:02:00,-3005831476773076471,6074
2021-02-12 11:53:00,1230576079041265263,3400
2021-02-12 11:43:00,6997312232248009518,1823
2021-02-12 11:42:00,8215531198669424256,4204
2021-02-12 11:41:00,4426573831885454479,1973
2021-02-12 11:33:00,7482892246482756653,2800
2021-02-12 11:34:00,-8072699051358120043,6848
2021-02-12 11:31:00,-1187034828521641308,5735
2021-02-12 10:31:00,-971477649208459721,975
2021-02-11 20:48:00,-4031116310430005269,3985
2021-02-11 20:31:00,-3971226965921400113,2175
2021-02-11 19:54:00,2270056151126448222,1375
2021-02-11 18:49:00,-8755725129393741831,3865
2021-02-11 18:32:00,-3797094101908588955,2950
2021-02-11 18:12:00,4874859398356508872,5080
2021-02-11 17:01:00,3399616962639186088,2984
2021-02-11 16:33:00,5511719198173125455,3340
2021-02-11 14:54:00,-8398739475372603313,1195
2021-02-11 14:23:00,-8398739475372603313,1195
2021-02-11 14:13:00,-6057634104929930473,1495
2021-02-11 13:51:00,-1291408548742909341,1300
2021-02-11 13:26:00,-6514131562576871647,4380
2021-02-11 13:26:00,8560392303937356610,1381
2021-02-11 13:24:00,4302002336264274522,1381
2021-02-11 13:05:00,-5332355406798406277,1345
2021-02-11 12:43:00,-4724478534407916050,3131
2021-02-11 12:21:00,-7676060452375000611,1145
2021-02-11 12:20:00,-5434583317041955047,2830
2021-02-11 12:08:00,-2001729383018570714,2004
2021-02-11 12:03:00,7380848993897216634,3095
2021-02-11 11:57:00,1227842901477957427,1475
2021-02-11 11:58:00,-2472323467783849767,1400
2021-02-11 11:28:00,6271000332257885029,850
2021-02-11 11:24:00,-5856395998900450160,2420
2021-02-11 11:10:00,-5043847070295914068,4639
2021-02-10 20:45:00,-341265768274407968,5366
2021-02-10 20:28:00,4346347734323265420,2470
2021-02-10 20:15:00,9208736380422966904,2495
2021-02-10 19:36:00,-2472323467783849767,1740
2021-02-10 19:32:00,8828035368784196198,1850
2021-02-10 19:27:00,342197950445692670,3548
2021-02-10 18:56:00,-4982986784722792379,1235
2021-02-10 18:48:00,421826851859337653,7745
2021-02-10 18:40:00,-6683739232533965344,1381
2021-02-10 18:26:00,-9137393404240896794,4491
2021-02-10 18:06:00,5228618472934928460,3845
2021-02-10 17:49:00,7379546152315076125,3019
2021-02-10 17:40:00,863385865971008825,2775
2021-02-10 17:33:00,-5977714067217597640,3997
2021-02-10 16:56:00,7316317562748344729,1235
2021-02-10 15:56:00,-6031865279051759386,1375
2021-02-10 14:05:00,7482892246482756653,1726
2021-02-10 13:54:00,-2428205587460491753,1498
2021-02-10 13:48:00,-2837487795155891500,1345
2021-02-10 13:43:00,5511719198173125455,5515
2021-02-10 13:23:00,-3191667448902408015,1673
2021-02-10 12:57:00,5064763209031664104,3500
2021-02-10 12:52:00,7251119419920777539,2887
2021-02-10 12:49:00,6632319330380821948,3345
2021-02-10 12:47:00,-8566810933152845809,3481
2021-02-10 12:43:00,-3371854966858065450,6537
2021-02-10 12:40:00,-3530933051759545188,2756
2021-02-10 12:23:00,86750147374728672,3135
2021-02-10 12:09:00,7471725295597498184,975
2021-02-10 12:07:00,1155659979292423822,2590
2021-02-10 12:05:00,1023093316552622519,4480
2021-02-10 12:04:00,-8442668516882687903,1295
2021-02-10 12:03:00,7909795127058684524,1445
2021-02-10 11:49:00,-6079273965287422646,1145
2021-02-09 19:53:00,-5550548347754890864,1700
2021-02-09 19:23:00,4517669935250613363,600
2021-02-09 19:11:00,4546139738480843068,3025
2021-02-09 18:59:00,-4982986784722792379,2390
2021-02-09 18:54:00,3594485738836906788,6847
2021-02-09 18:02:00,-4018411708715697781,3750
2021-02-09 17:55:00,4553334026347392079,3399
2021-02-09 17:27:00,1617721919759507630,3656
2021-02-09 17:22:00,9125025246604216691,5254
2021-02-09 17:07:00,-7189386814960309760,5129
2021-02-09 15:24:00,-2234773398080567028,5040
2021-02-09 14:24:00,7219970371057460948,1300
2021-02-09 14:23:00,-6823944919107547028,2625
2021-02-09 13:24:00,1966907691186636880,1195
2021-02-09 12:52:00,-2472323467783849767,1675
2021-02-09 12:19:00,548177505749037303,2045
2021-02-09 12:08:00,-2001729383018570714,1639
2021-02-09 11:57:00,-4897152834210941746,1825
2021-02-08 21:15:00,7151139025479912,1673
2021-02-08 20:54:00,-425212462444864807,4062
2021-02-08 20:48:00,-1082258267096867923,2252
2021-02-08 20:30:00,-4201444275676621696,2202
2021-02-08 19:57:00,8580800002941379994,2690
2021-02-08 19:39:00,-6375504802236740078,1350
2021-02-08 18:49:00,-2297452067790602432,3106
2021-02-08 18:29:00,-7033003731242172546,2676
2021-02-08 18:08:00,983998894663686347,3000
2021-02-08 17:15:00,4168906638934280664,2587
2021-02-08 17:09:00,-3481560771514459118,2902
2021-02-08 15:16:00,-2472323467783849767,1550
2021-02-08 14:00:00,4052240781207067019,1235
2021-02-08 13:57:00,4196508119976492409,2590
2021-02-08 13:18:00,2178890741987314137,1250
2021-02-08 13:17:00,2801270755105010804,1250
2021-02-08 13:08:00,310083140768509937,1245
2021-02-08 13:05:00,-384474719766472040,1410
2021-02-08 13:04:00,-4897152834210941746,2070
2021-02-08 12:52:00,4973090359334688772,1445
2021-02-08 12:46:00,7109838675478943349,1550
2021-02-08 12:38:00,-3025958514221783872,4114
2021-02-08 12:34:00,-5995920532601978443,1550
2021-02-08 12:27:00,-7676060452375000611,1145
2021-02-08 09:10:00,8304609358641529281,3250
2021-02-07 18:59:00,7194873618604881205,2733
2021-02-07 17:23:00,-7641527805247217749,5079
2021-02-07 15:38:00,6095448557998466105,1145
2021-02-07 15:02:00,-1604754475555947371,1590
2021-02-07 15:01:00,4027575691932604703,2587
2021-02-07 14:59:00,-2472323467783849767,875
2021-02-07 14:52:00,-6561862029873174228,1095
2021-02-07 14:33:00,917602696810429697,3345
2021-02-07 13:53:00,2765575454665431551,3054
2021-02-07 13:42:00,-7073370482527864343,2190
2021-02-07 13:34:00,-8182052090939517520,3173
2021-02-07 13:17:00,-8408082372402007613,3847
2021-02-07 13:14:00,-74915147466482434,3570
2021-02-07 13:07:00,4659223626061104476,2748
2021-02-07 12:52:00,2885622781144900459,3200
2021-02-07 12:46:00,-1512194492073362203,1250
2021-02-07 12:29:00,-5613970677520565651,1250
2021-02-07 12:12:00,8258462977750251605,4819
2021-02-07 11:51:00,712592872414636974,3048
2021-02-07 11:35:00,-7209938978694804386,1175
2021-02-06 20:21:00,-971477649208459721,100
2021-02-06 20:20:00,-971477649208459721,300
2021-02-06 20:08:00,6051885180859796705,3450
2021-02-06 18:59:00,-9135541932270606209,1225
2021-02-06 18:50:00,4885704148375295013,2231
2021-02-06 18:46:00,8189699308682627731,3962
2021-02-06 18:44:00,-5114477544868981025,3033
2021-02-06 18:41:00,-8763233866972412580,3097
2021-02-06 18:19:00,1105099921990516304,4108
2021-02-06 17:59:00,-4957032899312589767,3925
2021-02-06 15:37:00,8308349260219356365,1195
2021-02-06 15:34:00,-4574761244064305188,3106
2021-02-06 15:16:00,5240906305139661490,1410
2021-02-06 15:13:00,8962560011821110766,2493
2021-02-06 14:55:00,-2658005263228887496,10031
2021-02-06 14:50:00,4569230657714507228,6014
2021-02-06 14:18:00,-5526497712036505777,2931
2021-02-06 14:03:00,4218974515211737895,1145
2021-02-06 13:55:00,2790162248786931062,2820
2021-02-06 13:52:00,-1858399374017762675,6995
2021-02-06 13:49:00,2301027405726796831,4225
2021-02-06 13:46:00,-4285303970210886113,2768
2021-02-06 13:27:00,-4031116310430005269,3910
2021-02-06 13:18:00,-8144507752188957323,3635
2021-02-06 12:59:00,3492675539374196172,1795
2021-02-06 12:57:00,-7614737910418389469,2762
2021-02-06 12:53:00,3241133415243822816,4021
2021-02-06 12:50:00,-1314400093252018977,5335
2021-02-06 12:33:00,2780402676414855687,3885
2021-02-06 12:24:00,6819401126838065446,3223
2021-02-06 12:18:00,2346951268628540450,2733
2021-02-06 12:13:00,-6103470043536772194,2050
2021-02-06 12:08:00,-7848763634934440004,2610
2021-02-06 12:00:00,8542350114228969195,1550
2021-02-06 11:57:00,3112578351733618664,1145
2021-02-06 11:50:00,-1199313637356668851,3695
2021-02-06 11:24:00,-2074607991453419343,1245
2021-02-05 19:49:00,-971477649208459721,4442
2021-02-05 19:17:00,-6058117823518061444,4494
2021-02-05 19:08:00,-2014015760589679228,3795
2021-02-05 18:41:00,-6618845244770867245,7162
2021-02-05 18:33:00,4788992686190940810,5263
2021-02-05 18:18:00,7437146115829118269,2631
2021-02-05 18:10:00,2494177205406524837,1145
2021-02-05 17:54:00,-7407975162504310596,5325
2021-02-05 17:42:00,1118792012042690539,3290
2021-02-05 17:39:00,-455198954226556135,1375
2021-02-05 17:37:00,8209501359750359365,4743
2021-02-05 17:26:00,-5722317534923221007,1323
2021-02-05 17:21:00,-7822230179249333214,3240
2021-02-05 17:18:00,1227842901477957427,1350
2021-02-05 17:15:00,445985420206100327,4074
2021-02-05 16:54:00,5622813302699139980,1556
2021-02-05 16:14:00,-6528440960365236354,1350
2021-02-05 15:59:00,-7950669622182142376,1235
2021-02-05 13:38:00,664062556093955269,2340
2021-02-05 13:36:00,-6678111824504402253,1352
2021-02-05 13:21:00,3240395858991563108,3255
2021-02-05 13:14:00,-7832895091564086968,1145
2021-02-05 12:49:00,59040429094153151,1498
2021-02-05 12:46:00,-2787072665567925166,1410
2021-02-05 12:34:00,8372497462309956730,4812
2021-02-05 11:50:00,-6587691297088221637,2170
2021-02-05 11:49:00,7388946741554232361,2590
2021-02-05 11:44:00,-6587691297088221637,1250
2021-02-05 11:34:00,-1134525788310637847,1195
2021-02-04 20:04:00,2283251064764079373,1498
2021-02-04 18:34:00,-8050298709251822879,4120
2021-02-04 17:59:00,2494177205406524837,2070
2021-02-04 17:58:00,-2558353934951533593,1250
2021-02-04 16:52:00,6422967584948673407,2747
2021-02-04 16:00:00,-3662231415243793717,4129
2021-02-04 13:49:00,-3731633482271645855,2619
2021-02-04 13:45:00,2059755612826972009,1850
2021-02-04 13:28:00,-4727862669148464513,3385
2021-02-04 13:23:00,-8221343654358077928,1095
2021-02-04 13:11:00,3481188793385900944,0
2021-02-03 20:40:00,5013482460966584869,1175
2021-02-03 19:02:00,4839737229593603661,3350
2021-02-03 18:38:00,2782966165277398598,1381
2021-02-03 18:26:00,6099414861697156117,2640
2021-02-03 18:24:00,2782966165277398598,6224
2021-02-03 17:55:00,-7559715925498401832,2420
2021-02-03 17:53:00,9113068480766135507,2420
2021-02-03 17:47:00,-1608955042266037259,4200
2021-02-03 17:14:00,-9150175299243922511,4598
2021-02-03 16:51:00,2351644284328817246,2220
2021-02-03 16:45:00,464506676792482275,2602
2021-02-03 16:34:00,6591257916637169545,1556
2021-02-03 16:32:00,1137874234257005560,2996
2021-02-03 14:06:00,-7065418332172237170,4980
2021-02-03 14:01:00,5242003090285671763,3313
2021-02-03 13:02:00,1371753233092975566,600
2021-02-03 12:44:00,-3387963297460455472,3680
2021-02-03 12:41:00,-3249585330339469265,2470
2021-02-03 12:40:00,-8819909426153751412,1370
2021-02-03 12:19:00,1646871045248974302,1375
2021-02-03 11:04:00,-8398739475372603313,1195
2021-02-02 18:59:00,3380723260067655261,5561
2021-02-02 18:28:00,-2266543536256159275,225
2021-02-02 17:52:00,4400350035144263897,1350
2021-02-02 17:47:00,7003603582839705652,1585
2021-02-02 17:36:00,6811811343745573638,2856
2021-02-02 17:34:00,4400350035144263897,2848
2021-02-02 17:04:00,5796220151697645209,2908
2021-02-02 16:57:00,-9045258837759866557,7275
2021-02-02 15:49:00,-8826323804569954646,1095
2021-02-02 14:11:00,-3078964658691760393,1225
2021-02-02 13:10:00,-8227764413278327539,1145
2021-02-02 13:05:00,7205594582896257851,2490
2021-02-02 12:38:00,3112578351733618664,2908
2021-02-02 12:32:00,-2265142484842325716,2785
2021-02-02 12:22:00,8650674892838146900,1095
2021-02-02 12:19:00,3239327921163769940,2756
2021-02-02 11:57:00,-4232627864862634521,1879
2021-02-02 11:17:00,-6922689081798424925,1498
